module_id,module_size,hpo_term,a_in_module_with_term,b_in_module_without_term,c_bg_with_term,d_bg_without_term,p_value,odds_ratio,freq_in_module,freq_in_bg,specificity_ratio,q_value,fdr_significant
9,24,HP:0000855,24,0,6,412,2.2507102114190377e-34,inf,1.0,0.014354066985645933,69.66666666666667,9.137883458361293e-32,True
11,21,HP:0002419,20,1,3,418,1.716571723745608e-30,2786.6666666666665,0.9523809523809523,0.007125890736342043,133.65079365079364,3.4846405992035845e-28,True
5,26,HP:0007513,20,6,0,416,1.0698832624935699e-29,inf,0.7692307692307693,0.0,769230.7692307694,1.4479086819079646e-27,True
9,24,HP:0003074,22,2,7,411,5.040785119322956e-29,645.8571428571429,0.9166666666666666,0.01674641148325359,54.738095238095234,3.8981631400529284e-27,True
9,24,HP:0003233,21,3,4,414,5.760832226679205e-29,724.5,0.875,0.009569377990430622,91.4375,3.8981631400529284e-27,True
9,24,HP:0031888,21,3,4,414,5.760832226679205e-29,724.5,0.875,0.009569377990430622,91.4375,3.8981631400529284e-27,True
11,21,HP:0002418,20,1,6,415,2.216331630502083e-28,1383.3333333333333,0.9523809523809523,0.014251781472684086,66.82539682539682,1.124788302479807e-26,True
11,21,HP:0002789,20,1,6,415,2.216331630502083e-28,1383.3333333333333,0.9523809523809523,0.014251781472684086,66.82539682539682,1.124788302479807e-26,True
9,24,HP:0000858,21,3,5,413,2.97507084370082e-28,578.2,0.875,0.011961722488038277,73.15,1.2078787625425329e-26,True
9,24,HP:0010981,21,3,5,413,2.97507084370082e-28,578.2,0.875,0.011961722488038277,73.15,1.2078787625425329e-26,True
5,26,HP:0009887,22,4,6,410,6.440528520541479e-28,375.8333333333333,0.8461538461538461,0.014423076923076924,58.666666666666664,2.1593710391633695e-26,True
9,24,HP:0008376,20,4,3,415,8.509836607540372e-28,691.6666666666666,0.8333333333333334,0.007177033492822967,116.11111111111111,2.1593710391633695e-26,True
9,24,HP:0010747,20,4,3,415,8.509836607540372e-28,691.6666666666666,0.8333333333333334,0.007177033492822967,116.11111111111111,2.1593710391633695e-26,True
9,24,HP:0011026,20,4,3,415,8.509836607540372e-28,691.6666666666666,0.8333333333333334,0.007177033492822967,116.11111111111111,2.1593710391633695e-26,True
9,24,HP:0025691,20,4,3,415,8.509836607540372e-28,691.6666666666666,0.8333333333333334,0.007177033492822967,116.11111111111111,2.1593710391633695e-26,True
9,24,HP:0030010,20,4,3,415,8.509836607540372e-28,691.6666666666666,0.8333333333333334,0.007177033492822967,116.11111111111111,2.1593710391633695e-26,True
9,24,HP:0000147,21,3,6,412,1.3295715505019438e-27,480.6666666666667,0.875,0.014354066985645933,60.95833333333333,2.8410844710725747e-26,True
9,24,HP:0010462,21,3,6,412,1.3295715505019438e-27,480.6666666666667,0.875,0.014354066985645933,60.95833333333333,2.8410844710725747e-26,True
9,24,HP:0010979,21,3,6,412,1.3295715505019438e-27,480.6666666666667,0.875,0.014354066985645933,60.95833333333333,2.8410844710725747e-26,True
5,26,HP:0005599,21,5,4,412,1.8381966223276942e-27,432.6,0.8076923076923077,0.009615384615384616,84.0,3.731539143325219e-26,True
11,21,HP:0004422,20,1,8,413,2.978357251847325e-27,1032.5,0.9523809523809523,0.019002375296912115,50.11904761904761,5.758157353571496e-26,True
9,24,HP:0005769,20,4,4,414,5.059497512120387e-27,517.5,0.8333333333333334,0.009569377990430622,87.08333333333334,8.88055336389189e-26,True
9,24,HP:0000138,21,3,7,411,5.28161462150051e-27,411.0,0.875,0.01674641148325359,52.25,8.88055336389189e-26,True
9,24,HP:0005562,21,3,7,411,5.28161462150051e-27,411.0,0.875,0.01674641148325359,52.25,8.88055336389189e-26,True
11,21,HP:0002876,18,3,2,419,5.4683210368792426e-27,1257.0,0.8571428571428571,0.004750593824228029,180.42857142857142,8.88055336389189e-26,True
9,24,HP:0001956,21,3,8,410,1.901353239355712e-26,358.75,0.875,0.019138755980861243,45.71875,2.859071908068219e-25,True
9,24,HP:0002155,21,3,8,410,1.901353239355712e-26,358.75,0.875,0.019138755980861243,45.71875,2.859071908068219e-25,True
9,24,HP:0002608,20,4,5,413,2.506705427153478e-26,413.0,0.8333333333333334,0.011961722488038277,69.66666666666667,3.392408011414373e-25,True
9,24,HP:0004225,20,4,5,413,2.506705427153478e-26,413.0,0.8333333333333334,0.011961722488038277,69.66666666666667,3.392408011414373e-25,True
9,24,HP:0008915,20,4,5,413,2.506705427153478e-26,413.0,0.8333333333333334,0.011961722488038277,69.66666666666667,3.392408011414373e-25,True
5,26,HP:0001022,18,8,0,416,3.426530408834764e-26,inf,0.6923076923076923,0.0,692307.6923076924,4.487649503183594e-25,True
11,21,HP:0001829,21,0,17,404,6.655633004245724e-26,inf,1.0,0.040380047505938245,24.76470588235294,8.188445453708376e-25,True
11,21,HP:0009136,21,0,17,404,6.655633004245724e-26,inf,1.0,0.040380047505938245,24.76470588235294,8.188445453708376e-25,True
9,24,HP:0002037,20,4,6,412,1.0763221156208376e-25,343.3333333333333,0.8333333333333334,0.014354066985645933,58.05555555555556,1.1810453484920544e-24,True
9,24,HP:0002230,20,4,6,412,1.0763221156208376e-25,343.3333333333333,0.8333333333333334,0.014354066985645933,58.05555555555556,1.1810453484920544e-24,True
9,24,HP:0008724,20,4,6,412,1.0763221156208376e-25,343.3333333333333,0.8333333333333334,0.014354066985645933,58.05555555555556,1.1810453484920544e-24,True
9,24,HP:0012384,20,4,6,412,1.0763221156208376e-25,343.3333333333333,0.8333333333333334,0.014354066985645933,58.05555555555556,1.1810453484920544e-24,True
10,23,HP:0003737,18,5,2,417,1.3710512859498854e-25,750.6,0.782608695652174,0.00477326968973747,163.95652173913044,1.4648600581464566e-24,True
9,24,HP:0005978,23,1,20,398,1.4558086519984229e-25,457.7,0.9583333333333334,0.04784688995215311,20.02916666666667,1.5155341351573327e-24,True
9,24,HP:0000100,21,3,10,408,1.9375751326711198e-25,285.6,0.875,0.023923444976076555,36.575,1.9666387596611863e-24,True
9,24,HP:0000678,20,4,7,411,4.113540401666032e-25,293.57142857142856,0.8333333333333334,0.01674641148325359,49.76190476190476,3.9764223882771644e-24,True
9,24,HP:0004213,20,4,7,411,4.113540401666032e-25,293.57142857142856,0.8333333333333334,0.01674641148325359,49.76190476190476,3.9764223882771644e-24,True
11,21,HP:0001696,19,2,9,412,1.3684569282499e-24,434.8888888888889,0.9047619047619048,0.021377672209026127,42.32275132275132,1.2627125292487712e-23,True
11,21,HP:0011534,19,2,9,412,1.3684569282499e-24,434.8888888888889,0.9047619047619048,0.021377672209026127,42.32275132275132,1.2627125292487712e-23,True
9,24,HP:0000085,20,4,8,410,1.42653510402936e-24,256.25,0.8333333333333334,0.019138755980861243,43.54166666666667,1.2870516716353781e-23,True
9,24,HP:0000011,21,3,12,406,1.5285364418864406e-24,236.83333333333334,0.875,0.028708133971291867,30.479166666666664,1.3490995552302062e-23,True
11,21,HP:0001651,19,2,10,411,3.950332834958295e-24,390.45,0.9047619047619048,0.023752969121140142,38.09047619047619,3.341323189568891e-23,True
11,21,HP:0004307,19,2,10,411,3.950332834958295e-24,390.45,0.9047619047619048,0.023752969121140142,38.09047619047619,3.341323189568891e-23,True
9,24,HP:0000142,20,4,9,409,4.554360818775588e-24,227.22222222222223,0.8333333333333334,0.0215311004784689,38.7037037037037,3.77361324984263e-23,True
6,25,HP:0007642,17,8,1,416,9.902672881532469e-24,884.0,0.68,0.002398081534772182,283.56000000000006,7.731702288273426e-23,True
6,25,HP:0030639,17,8,1,416,9.902672881532469e-24,884.0,0.68,0.002398081534772182,283.56000000000006,7.731702288273426e-23,True
12,16,HP:5200017,16,0,8,418,9.544205084915909e-24,inf,1.0,0.018779342723004695,53.25,7.731702288273426e-23,True
9,24,HP:0004408,20,4,11,407,3.7798014746042933e-23,185.0,0.8333333333333334,0.02631578947368421,31.66666666666667,2.895470563564798e-22,True
10,23,HP:0008316,16,7,1,418,5.324740395575152e-23,955.4285714285714,0.6956521739130435,0.002386634844868735,291.4782608695652,4.00341592704354e-22,True
10,23,HP:0004308,17,6,3,416,5.723801204442182e-23,392.8888888888889,0.7391304347826086,0.007159904534606206,103.231884057971,4.2252059800064106e-22,True
12,16,HP:0001483,15,1,5,421,8.496731720523954e-23,1263.0,0.9375,0.011737089201877934,79.875,5.947712204366768e-22,True
12,16,HP:4000079,15,1,5,421,8.496731720523954e-23,1263.0,0.9375,0.011737089201877934,79.875,5.947712204366768e-22,True
12,16,HP:5200065,15,1,5,421,8.496731720523954e-23,1263.0,0.9375,0.011737089201877934,79.875,5.947712204366768e-22,True
10,23,HP:0003800,18,5,6,413,9.282450585161316e-23,247.8,0.782608695652174,0.014319809069212411,54.65217391304348,6.387584639958465e-22,True
10,23,HP:0002490,18,5,7,412,3.277627409101175e-22,211.88571428571427,0.782608695652174,0.016706443914081145,46.84472049689441,2.181502832942749e-21,True
10,23,HP:0030085,18,5,7,412,3.277627409101175e-22,211.88571428571427,0.782608695652174,0.016706443914081145,46.84472049689441,2.181502832942749e-21,True
10,23,HP:0004309,16,7,2,417,4.717991828558684e-22,476.57142857142856,0.6956521739130435,0.00477326968973747,145.7391304347826,3.0895236812819766e-21,True
6,25,HP:0030638,15,10,0,417,1.1320487697941926e-21,inf,0.6,0.0,600000.0,7.181434383381909e-21,True
6,25,HP:0031705,15,10,0,417,1.1320487697941926e-21,inf,0.6,0.0,600000.0,7.181434383381909e-21,True
9,24,HP:0001395,22,2,27,391,1.459830022430373e-21,159.2962962962963,0.9166666666666666,0.0645933014354067,14.191358024691356,9.11832290933433e-21,True
11,21,HP:0002084,20,1,25,396,2.9188633101072347e-21,316.8,0.9523809523809523,0.05938242280285035,16.038095238095238,1.7427330939757903e-20,True
11,21,HP:0011815,20,1,25,396,2.9188633101072347e-21,316.8,0.9523809523809523,0.05938242280285035,16.038095238095238,1.7427330939757903e-20,True
11,21,HP:0034237,20,1,25,396,2.9188633101072347e-21,316.8,0.9523809523809523,0.05938242280285035,16.038095238095238,1.7427330939757903e-20,True
6,25,HP:0007984,16,9,2,415,3.896410523798274e-21,368.8888888888889,0.64,0.004796163069544364,133.44,2.292670540089999e-20,True
11,21,HP:0000657,18,3,13,408,5.506301305076382e-21,188.30769230769232,0.8571428571428571,0.030878859857482184,27.75824175824176,3.193654756944301e-20,True
12,16,HP:0030211,15,1,9,417,7.101949050409092e-21,695.0,0.9375,0.02112676056338028,44.375,4.06111452741703e-20,True
10,23,HP:0003200,17,6,7,412,1.6460188214927415e-20,166.76190476190476,0.7391304347826086,0.016706443914081145,44.242236024844715,9.281717243417404e-20,True
6,25,HP:0030483,15,10,1,416,1.7715105104835588e-20,624.0,0.6,0.002398081534772182,250.20000000000002,9.852510510360614e-20,True
5,26,HP:0008034,22,4,25,391,2.1180763681290632e-20,86.02,0.8461538461538461,0.06009615384615385,14.08,1.1620797371086482e-19,True
6,25,HP:0030469,16,9,3,414,2.418447037449573e-20,245.33333333333334,0.64,0.007194244604316547,88.96,1.275181165200684e-19,True
6,25,HP:0030470,16,9,3,414,2.418447037449573e-20,245.33333333333334,0.64,0.007194244604316547,88.96,1.275181165200684e-19,True
6,25,HP:0030478,16,9,3,414,2.418447037449573e-20,245.33333333333334,0.64,0.007194244604316547,88.96,1.275181165200684e-19,True
5,26,HP:0001107,15,11,1,415,4.1778070652259936e-20,565.9090909090909,0.5769230769230769,0.002403846153846154,239.99999999999997,2.1746021390791713e-19,True
9,24,HP:0100259,20,4,21,397,1.0936536308485867e-19,94.52380952380952,0.8333333333333334,0.050239234449760764,16.58730158730159,5.620549039550964e-19,True
10,23,HP:0002572,14,9,1,418,1.1875191595141081e-19,650.2222222222222,0.6086956521739131,0.002386634844868735,255.04347826086956,6.026659734534099e-19,True
9,24,HP:0000548,21,3,28,390,1.500608983292875e-19,97.5,0.875,0.06698564593301436,13.0625,7.521570953295151e-19,True
11,21,HP:0002251,19,2,25,396,2.5901089639310576e-19,150.48,0.9047619047619048,0.05938242280285035,15.236190476190478,1.222772371344197e-18,True
11,21,HP:0004362,19,2,25,396,2.5901089639310576e-19,150.48,0.9047619047619048,0.05938242280285035,15.236190476190478,1.222772371344197e-18,True
11,21,HP:0012331,19,2,25,396,2.5901089639310576e-19,150.48,0.9047619047619048,0.05938242280285035,15.236190476190478,1.222772371344197e-18,True
11,21,HP:0025028,19,2,25,396,2.5901089639310576e-19,150.48,0.9047619047619048,0.05938242280285035,15.236190476190478,1.222772371344197e-18,True
11,21,HP:6000852,19,2,25,396,2.5901089639310576e-19,150.48,0.9047619047619048,0.05938242280285035,15.236190476190478,1.222772371344197e-18,True
9,24,HP:0002251,20,4,24,394,6.954376891461005e-19,82.08333333333333,0.8333333333333334,0.05741626794258373,14.51388888888889,3.102721997728756e-18,True
9,24,HP:0004362,20,4,24,394,6.954376891461005e-19,82.08333333333333,0.8333333333333334,0.05741626794258373,14.51388888888889,3.102721997728756e-18,True
9,24,HP:0012331,20,4,24,394,6.954376891461005e-19,82.08333333333333,0.8333333333333334,0.05741626794258373,14.51388888888889,3.102721997728756e-18,True
9,24,HP:0025028,20,4,24,394,6.954376891461005e-19,82.08333333333333,0.8333333333333334,0.05741626794258373,14.51388888888889,3.102721997728756e-18,True
9,24,HP:6000852,20,4,24,394,6.954376891461005e-19,82.08333333333333,0.8333333333333334,0.05741626794258373,14.51388888888889,3.102721997728756e-18,True
10,23,HP:0001427,14,9,2,417,9.31330955456716e-19,324.3333333333333,0.6086956521739131,0.00477326968973747,127.52173913043478,4.110003999080725e-18,True
12,16,HP:0007695,15,1,16,410,1.6068450149962882e-18,384.375,0.9375,0.03755868544600939,24.9609375,7.014828775145086e-18,True
15,11,HP:0007803,10,1,1,430,1.7058724122699959e-18,4300.0,0.9090909090909091,0.002320185614849188,391.8181818181818,7.367917014698067e-18,True
8,24,HP:0000541,20,4,26,392,2.172596622809272e-18,75.38461538461539,0.8333333333333334,0.06220095693779904,13.397435897435898,9.284991882742783e-18,True
10,23,HP:0007141,18,5,17,402,2.7569994827419454e-18,85.12941176470588,0.782608695652174,0.0405727923627685,19.289002557544755,1.1659810312429478e-17,True
10,23,HP:0000114,14,9,3,416,5.173527631183942e-18,215.7037037037037,0.6086956521739131,0.007159904534606206,85.01449275362319,2.1654146580007015e-17,True
10,23,HP:0000590,12,11,0,419,1.3542246613540006e-17,inf,0.5217391304347826,0.0,521739.1304347826,5.610359311323717e-17,True
12,16,HP:0007686,15,1,20,406,1.7207145207856263e-17,304.5,0.9375,0.046948356807511735,19.96875,7.056667630696609e-17,True
10,23,HP:0001269,14,9,4,415,2.282106580220921e-17,161.38888888888889,0.6086956521739131,0.00954653937947494,63.76086956521739,9.26535271569694e-17,True
12,16,HP:0001141,15,1,22,404,4.938236237068434e-17,275.45454545454544,0.9375,0.051643192488262914,18.15340909090909,1.9850731804453307e-16,True
10,23,HP:0000576,12,11,1,418,1.7189205120163109e-16,456.0,0.5217391304347826,0.002386634844868735,218.6086956521739,6.775550756103128e-16,True
10,23,HP:0001716,12,11,1,418,1.7189205120163109e-16,456.0,0.5217391304347826,0.002386634844868735,218.6086956521739,6.775550756103128e-16,True
10,23,HP:0003348,13,10,3,416,1.816489093414366e-16,180.26666666666668,0.5652173913043478,0.007159904534606206,78.94202898550724,6.957495961568232e-16,True
10,23,HP:0010915,13,10,3,416,1.816489093414366e-16,180.26666666666668,0.5652173913043478,0.007159904534606206,78.94202898550724,6.957495961568232e-16,True
10,23,HP:0010916,13,10,3,416,1.816489093414366e-16,180.26666666666668,0.5652173913043478,0.007159904534606206,78.94202898550724,6.957495961568232e-16,True
6,25,HP:0030329,17,8,15,402,2.4109620833196116e-16,56.95,0.68,0.03597122302158273,18.904000000000003,9.1481365030632e-16,True
1,56,HP:0002495,20,36,4,382,2.761059849010009e-16,53.05555555555556,0.35714285714285715,0.010362694300518135,34.464285714285715,1.0344642399346138e-15,True
10,23,HP:0000544,14,9,6,413,2.777256210661894e-16,107.07407407407408,0.6086956521739131,0.014319809069212411,42.507246376811594,1.0344642399346138e-15,True
15,11,HP:0025549,9,2,1,430,3.3505607714233986e-16,1935.0,0.8181818181818182,0.002320185614849188,352.6363636363637,1.2366615210889998e-15,True
15,11,HP:0025404,10,1,5,426,4.61774841526936e-16,852.0,0.9090909090909091,0.01160092807424594,78.36363636363636,1.6890142852246487e-15,True
10,23,HP:0007302,11,12,0,419,4.863923575363119e-16,inf,0.4782608695652174,0.0,478260.8695652174,1.7631722960691308e-15,True
16,10,HP:0000359,10,0,8,424,6.182064354694934e-16,inf,1.0,0.018518518518518517,54.0,2.2016825684264416e-15,True
16,10,HP:0100753,10,0,8,424,6.182064354694934e-16,inf,1.0,0.018518518518518517,54.0,2.2016825684264416e-15,True
10,23,HP:0033108,13,10,4,415,7.551938998997576e-16,134.875,0.5652173913043478,0.00954653937947494,59.20652173913043,2.666162811820014e-15,True
12,16,HP:0002084,15,1,30,396,1.7851026806438025e-15,198.0,0.9375,0.07042253521126761,13.3125,6.141963460520202e-15,True
12,16,HP:0011815,15,1,30,396,1.7851026806438025e-15,198.0,0.9375,0.07042253521126761,13.3125,6.141963460520202e-15,True
12,16,HP:0034237,15,1,30,396,1.7851026806438025e-15,198.0,0.9375,0.07042253521126761,13.3125,6.141963460520202e-15,True
10,23,HP:0000124,14,9,8,411,2.2009640859198318e-15,79.91666666666667,0.6086956521739131,0.01909307875894988,31.880434782608695,7.509171587255897e-15,True
5,26,HP:0007730,17,9,17,399,2.6619601754844856e-15,44.333333333333336,0.6538461538461539,0.040865384615384616,16.0,9.006298593722508e-15,True
1,56,HP:0002936,18,38,3,383,4.743669838129245e-15,60.473684210526315,0.32142857142857145,0.007772020725388601,41.35714285714286,1.5916776481656803e-14,True
10,23,HP:0002331,11,12,1,418,5.6877435776868024e-15,383.1666666666667,0.4782608695652174,0.002386634844868735,200.3913043478261,1.8473791140326735e-14,True
10,23,HP:0004389,11,12,1,418,5.6877435776868024e-15,383.1666666666667,0.4782608695652174,0.002386634844868735,200.3913043478261,1.8473791140326735e-14,True
10,23,HP:0020120,11,12,1,418,5.6877435776868024e-15,383.1666666666667,0.4782608695652174,0.002386634844868735,200.3913043478261,1.8473791140326735e-14,True
10,23,HP:0032036,11,12,1,418,5.6877435776868024e-15,383.1666666666667,0.4782608695652174,0.002386634844868735,200.3913043478261,1.8473791140326735e-14,True
10,23,HP:0020119,12,11,3,416,5.734607227019728e-15,151.27272727272728,0.5217391304347826,0.007159904534606206,72.8695652173913,1.8478178842619123e-14,True
10,23,HP:0001711,13,10,6,413,8.237142409751037e-15,89.48333333333333,0.5652173913043478,0.014319809069212411,39.47101449275362,2.612718608092907e-14,True
10,23,HP:0001712,13,10,6,413,8.237142409751037e-15,89.48333333333333,0.5652173913043478,0.014319809069212411,39.47101449275362,2.612718608092907e-14,True
10,23,HP:0007159,10,13,0,419,1.6163192188898986e-14,inf,0.43478260869565216,0.0,434782.60869565216,4.934027089242848e-14,True
10,23,HP:0007327,10,13,0,419,1.6163192188898986e-14,inf,0.43478260869565216,0.0,434782.60869565216,4.934027089242848e-14,True
10,23,HP:0012766,10,13,0,419,1.6163192188898986e-14,inf,0.43478260869565216,0.0,434782.60869565216,4.934027089242848e-14,True
10,23,HP:0025268,10,13,0,419,1.6163192188898986e-14,inf,0.43478260869565216,0.0,434782.60869565216,4.934027089242848e-14,True
10,23,HP:0100027,10,13,0,419,1.6163192188898986e-14,inf,0.43478260869565216,0.0,434782.60869565216,4.934027089242848e-14,True
10,23,HP:0002401,12,11,4,415,2.2393482180054603e-14,113.18181818181819,0.5217391304347826,0.00954653937947494,54.65217391304348,6.78489086947923e-14,True
15,11,HP:0012043,10,1,10,421,2.810804033862017e-14,421.0,0.9090909090909091,0.02320185614849188,39.18181818181818,8.453232872207251e-14,True
5,26,HP:0011869,11,15,1,415,3.2288585139997526e-14,304.3333333333333,0.4230769230769231,0.002403846153846154,176.0,9.639092328558086e-14,True
10,23,HP:0200125,11,12,2,417,3.6024926973355255e-14,191.125,0.4782608695652174,0.00477326968973747,100.19565217391305,1.0676000256337397e-13,True
16,10,HP:0001756,8,2,2,430,5.92471286221656e-14,860.0,0.8,0.004629629629629629,172.8,1.743067697144872e-13,True
5,26,HP:0030402,10,16,0,416,7.504339230560241e-14,inf,0.38461538461538464,0.0,384615.3846153847,2.1762583768624698e-13,True
16,10,HP:0012377,10,0,16,416,7.504339230560241e-14,inf,1.0,0.037037037037037035,27.0,2.1762583768624698e-13,True
10,23,HP:0002381,11,12,3,416,1.6380882067026176e-13,127.11111111111111,0.4782608695652174,0.007159904534606206,66.79710144927536,4.716764623555055e-13,True
10,23,HP:0001345,10,13,1,418,1.7293119050252568e-13,321.53846153846155,0.43478260869565216,0.002386634844868735,182.17391304347825,4.842073334070718e-13,True
10,23,HP:0010794,10,13,1,418,1.7293119050252568e-13,321.53846153846155,0.43478260869565216,0.002386634844868735,182.17391304347825,4.842073334070718e-13,True
10,23,HP:0012429,10,13,1,418,1.7293119050252568e-13,321.53846153846155,0.43478260869565216,0.002386634844868735,182.17391304347825,4.842073334070718e-13,True
10,23,HP:0012704,10,13,1,418,1.7293119050252568e-13,321.53846153846155,0.43478260869565216,0.002386634844868735,182.17391304347825,4.842073334070718e-13,True
10,23,HP:0012705,12,11,6,413,2.1765739562017192e-13,75.0909090909091,0.5217391304347826,0.014319809069212411,36.43478260869565,6.011489974271415e-13,True
10,23,HP:0025456,12,11,6,413,2.1765739562017192e-13,75.0909090909091,0.5217391304347826,0.014319809069212411,36.43478260869565,6.011489974271415e-13,True
11,21,HP:0100258,12,9,8,413,3.1690161763848405e-13,68.83333333333333,0.5714285714285714,0.019002375296912115,30.07142857142857,8.693382213596252e-13,True
0,63,HP:0030602,21,42,9,370,3.6839151183369503e-13,20.555555555555557,0.3333333333333333,0.023746701846965697,14.037037037037038,1.003805059090471e-12,True
10,23,HP:0001112,9,14,0,419,4.9990444412809e-13,inf,0.391304347826087,0.0,391304.347826087,1.3094271246193842e-12,True
10,23,HP:0003572,9,14,0,419,4.9990444412809e-13,inf,0.391304347826087,0.0,391304.347826087,1.3094271246193842e-12,True
10,23,HP:0003648,9,14,0,419,4.9990444412809e-13,inf,0.391304347826087,0.0,391304.347826087,1.3094271246193842e-12,True
10,23,HP:0004885,9,14,0,419,4.9990444412809e-13,inf,0.391304347826087,0.0,391304.347826087,1.3094271246193842e-12,True
10,23,HP:0011965,9,14,0,419,4.9990444412809e-13,inf,0.391304347826087,0.0,391304.347826087,1.3094271246193842e-12,True
10,23,HP:0100611,9,14,0,419,4.9990444412809e-13,inf,0.391304347826087,0.0,391304.347826087,1.3094271246193842e-12,True
15,11,HP:0030465,7,4,0,431,5.293274106370423e-13,inf,0.6363636363636364,0.0,636363.6363636364,1.368833940883052e-12,True
15,11,HP:0030620,7,4,0,431,5.293274106370423e-13,inf,0.6363636363636364,0.0,636363.6363636364,1.368833940883052e-12,True
10,23,HP:0001138,12,11,7,412,5.766635439808932e-13,64.20779220779221,0.5217391304347826,0.016706443914081145,31.22981366459627,1.4818063218749533e-12,True
10,23,HP:0012707,11,12,4,415,5.985129076391771e-13,95.10416666666667,0.4782608695652174,0.00954653937947494,50.09782608695652,1.5187265031344118e-12,True
10,23,HP:0025045,11,12,4,415,5.985129076391771e-13,95.10416666666667,0.4782608695652174,0.00954653937947494,50.09782608695652,1.5187265031344118e-12,True
10,23,HP:0001045,10,13,2,417,1.0091484251267203e-12,160.3846153846154,0.43478260869565216,0.00477326968973747,91.08695652173913,2.498257686594198e-12,True
10,23,HP:0005157,10,13,2,417,1.0091484251267203e-12,160.3846153846154,0.43478260869565216,0.00477326968973747,91.08695652173913,2.498257686594198e-12,True
10,23,HP:0012703,10,13,2,417,1.0091484251267203e-12,160.3846153846154,0.43478260869565216,0.00477326968973747,91.08695652173913,2.498257686594198e-12,True
10,23,HP:0100651,10,13,2,417,1.0091484251267203e-12,160.3846153846154,0.43478260869565216,0.00477326968973747,91.08695652173913,2.498257686594198e-12,True
10,23,HP:0002135,12,11,8,411,1.4071304852834132e-12,56.04545454545455,0.5217391304347826,0.01909307875894988,27.32608695652174,3.4623938001519136e-12,True
16,10,HP:0007730,10,0,24,408,1.8525586182902493e-12,inf,1.0,0.05555555555555555,18.0,4.530956620637597e-12,True
10,23,HP:0002922,11,12,5,414,1.865975643649247e-12,75.9,0.4782608695652174,0.011933174224343675,40.07826086956522,4.536443780368828e-12,True
5,26,HP:0003540,9,17,0,416,1.911399345195638e-12,inf,0.34615384615384615,0.0,346153.8461538462,4.619215084222792e-12,True
10,23,HP:0007924,12,11,9,410,3.2045075936316797e-12,49.696969696969695,0.5217391304347826,0.021479713603818614,24.28985507246377,7.698402858073739e-12,True
10,23,HP:0000751,10,13,3,416,4.252893418971271e-12,106.66666666666667,0.43478260869565216,0.007159904534606206,60.724637681159415,1.0097513029838222e-11,True
10,23,HP:0007067,10,13,3,416,4.252893418971271e-12,106.66666666666667,0.43478260869565216,0.007159904534606206,60.724637681159415,1.0097513029838222e-11,True
10,23,HP:0000631,9,14,1,418,4.853575711580809e-12,268.7142857142857,0.391304347826087,0.002386634844868735,163.95652173913044,1.119631669830573e-11,True
10,23,HP:0000816,9,14,1,418,4.853575711580809e-12,268.7142857142857,0.391304347826087,0.002386634844868735,163.95652173913044,1.119631669830573e-11,True
10,23,HP:0005116,9,14,1,418,4.853575711580809e-12,268.7142857142857,0.391304347826087,0.002386634844868735,163.95652173913044,1.119631669830573e-11,True
10,23,HP:0007768,9,14,1,418,4.853575711580809e-12,268.7142857142857,0.391304347826087,0.002386634844868735,163.95652173913044,1.119631669830573e-11,True
10,23,HP:0033109,9,14,1,418,4.853575711580809e-12,268.7142857142857,0.391304347826087,0.002386634844868735,163.95652173913044,1.119631669830573e-11,True
10,23,HP:0000408,11,12,6,413,5.150667804576751e-12,63.09722222222222,0.4782608695652174,0.014319809069212411,33.39855072463768,1.1617617381434227e-11,True
10,23,HP:0001730,11,12,6,413,5.150667804576751e-12,63.09722222222222,0.4782608695652174,0.014319809069212411,33.39855072463768,1.1617617381434227e-11,True
10,23,HP:0002579,11,12,6,413,5.150667804576751e-12,63.09722222222222,0.4782608695652174,0.014319809069212411,33.39855072463768,1.1617617381434227e-11,True
10,23,HP:0030895,11,12,6,413,5.150667804576751e-12,63.09722222222222,0.4782608695652174,0.014319809069212411,33.39855072463768,1.1617617381434227e-11,True
16,10,HP:0012157,7,3,2,430,6.8459178858088466e-12,501.6666666666667,0.7,0.004629629629629629,151.2,1.5356036804631997e-11,True
1,56,HP:0001258,17,39,7,379,9.276124238378262e-12,23.600732600732602,0.30357142857142855,0.018134715025906734,16.739795918367346,2.0692892531766893e-11,True
1,56,HP:0003134,18,38,9,377,9.756472337491069e-12,19.842105263157894,0.32142857142857145,0.023316062176165803,13.785714285714286,2.164550693454303e-11,True
10,23,HP:0000622,11,12,7,412,1.2902541304365664e-11,53.95238095238095,0.4782608695652174,0.016706443914081145,28.627329192546586,2.8315847403094375e-11,True
10,23,HP:0001271,11,12,7,412,1.2902541304365664e-11,53.95238095238095,0.4782608695652174,0.016706443914081145,28.627329192546586,2.8315847403094375e-11,True
10,23,HP:0000829,10,13,4,415,1.4475604914723785e-11,79.8076923076923,0.43478260869565216,0.00954653937947494,45.54347826086956,3.159728814719278e-11,True
5,26,HP:0000421,9,17,1,415,1.843860292120596e-11,219.7058823529412,0.34615384615384615,0.002403846153846154,144.0,4.003247479149529e-11,True
15,11,HP:0030584,7,4,2,429,1.8750084011406546e-11,375.375,0.6363636363636364,0.004640371229698376,137.13636363636363,4.049220270548435e-11,True
10,23,HP:0003481,9,14,2,417,2.5916476056433083e-11,134.03571428571428,0.391304347826087,0.00477326968973747,81.97826086956522,5.508947266445985e-11,True
10,23,HP:0004948,9,14,2,417,2.5916476056433083e-11,134.03571428571428,0.391304347826087,0.00477326968973747,81.97826086956522,5.508947266445985e-11,True
10,23,HP:0007183,9,14,2,417,2.5916476056433083e-11,134.03571428571428,0.391304347826087,0.00477326968973747,81.97826086956522,5.508947266445985e-11,True
2,35,HP:0006505,12,23,5,402,4.0111787319349414e-11,41.947826086956525,0.34285714285714286,0.012285012285012284,27.90857142857143,8.481971693570762e-11,True
10,23,HP:0000828,10,13,5,414,4.222978892889301e-11,63.69230769230769,0.43478260869565216,0.011933174224343675,36.43478260869565,8.792458618015672e-11,True
10,23,HP:0001733,10,13,5,414,4.222978892889301e-11,63.69230769230769,0.43478260869565216,0.011933174224343675,36.43478260869565,8.792458618015672e-11,True
10,23,HP:0011767,10,13,5,414,4.222978892889301e-11,63.69230769230769,0.43478260869565216,0.011933174224343675,36.43478260869565,8.792458618015672e-11,True
11,21,HP:0002323,8,13,1,420,5.258678607124501e-11,258.46153846153845,0.38095238095238093,0.0023752969121140144,160.38095238095235,1.0892977114757894e-10,True
15,11,HP:0008275,7,4,3,428,6.199547273095662e-11,249.66666666666666,0.6363636363636364,0.0069605568445475635,91.42424242424242,1.2776731943537253e-10,True
10,23,HP:0000096,11,12,9,410,6.46148921288641e-11,41.75925925925926,0.4782608695652174,0.021479713603818614,22.26570048309179,1.305156527578051e-10,True
10,23,HP:0002174,11,12,9,410,6.46148921288641e-11,41.75925925925926,0.4782608695652174,0.021479713603818614,22.26570048309179,1.305156527578051e-10,True
10,23,HP:0007763,11,12,9,410,6.46148921288641e-11,41.75925925925926,0.4782608695652174,0.021479713603818614,22.26570048309179,1.305156527578051e-10,True
10,23,HP:0012841,11,12,9,410,6.46148921288641e-11,41.75925925925926,0.4782608695652174,0.021479713603818614,22.26570048309179,1.305156527578051e-10,True
1,56,HP:0010550,17,39,9,377,6.966378016162654e-11,18.25925925925926,0.30357142857142855,0.023316062176165803,13.019841269841269,1.4001730072089294e-10,True
16,10,HP:0008034,10,0,37,395,7.315494740981792e-11,inf,1.0,0.08564814814814815,11.675675675675675,1.4630989481963583e-10,True
10,23,HP:0000763,13,10,19,400,7.877326064921689e-11,27.36842105263158,0.5652173913043478,0.045346062052505964,12.464530892448511,1.567742344293238e-10,True
11,21,HP:0000003,10,11,7,414,8.217864642427196e-11,53.76623376623377,0.47619047619047616,0.0166270783847981,28.639455782312925,1.6275380706465568e-10,True
10,23,HP:0002045,9,14,3,416,1.0063845895035219e-10,89.14285714285714,0.391304347826087,0.007159904534606206,54.65217391304348,1.964385304511682e-10,True
10,23,HP:0002883,9,14,3,416,1.0063845895035219e-10,89.14285714285714,0.391304347826087,0.007159904534606206,54.65217391304348,1.964385304511682e-10,True
10,23,HP:0031434,9,14,3,416,1.0063845895035219e-10,89.14285714285714,0.391304347826087,0.007159904534606206,54.65217391304348,1.964385304511682e-10,True
10,23,HP:0000097,10,13,6,413,1.0950281107096589e-10,52.94871794871795,0.43478260869565216,0.014319809069212411,30.362318840579707,2.1271837940101508e-10,True
10,23,HP:0008619,11,12,10,409,1.3216631511761978e-10,37.49166666666667,0.4782608695652174,0.02386634844868735,20.03913043478261,2.543105399893537e-10,True
11,21,HP:0001305,11,10,12,409,1.3216631511761978e-10,37.49166666666667,0.5238095238095238,0.028503562945368172,18.376984126984127,2.543105399893537e-10,True
16,10,HP:0000375,7,3,5,427,1.4788422619716277e-10,199.26666666666668,0.7,0.011574074074074073,60.48,2.8321224450966074e-10,True
2,35,HP:0000926,10,25,2,405,1.5362510691466276e-10,81.0,0.2857142857142857,0.004914004914004914,58.14285714285714,2.928253211612821e-10,True
8,24,HP:0004327,12,12,14,404,1.806316572249748e-10,28.857142857142858,0.5,0.03349282296650718,14.928571428571429,3.426937048286905e-10,True
1,56,HP:0000762,16,40,8,378,1.8865463060098426e-10,18.9,0.2857142857142857,0.02072538860103627,13.785714285714285,3.53358262629431e-10,True
1,56,HP:0040129,16,40,8,378,1.8865463060098426e-10,18.9,0.2857142857142857,0.02072538860103627,13.785714285714285,3.53358262629431e-10,True
8,24,HP:0008052,8,16,1,417,1.888638989915924e-10,208.5,0.3333333333333333,0.0023923444976076554,139.33333333333334,3.53358262629431e-10,True
5,26,HP:0008059,14,12,22,394,1.995198239910379e-10,20.893939393939394,0.5384615384615384,0.052884615384615384,10.181818181818182,3.715827914695476e-10,True
10,23,HP:0010783,10,13,7,412,2.585773014515219e-10,45.27472527472528,0.43478260869565216,0.016706443914081145,26.024844720496894,4.793716182160635e-10,True
5,26,HP:0008061,14,12,23,393,3.1216924463320435e-10,19.934782608695652,0.5384615384615384,0.055288461538461536,9.73913043478261,5.76094151459459e-10,True
10,23,HP:0002483,9,14,4,415,3.1750598139595916e-10,66.69642857142857,0.391304347826087,0.00954653937947494,40.98913043478261,5.806640921025199e-10,True
11,21,HP:0002085,9,12,5,416,3.1711635235814816e-10,62.4,0.42857142857142855,0.011876484560570071,36.08571428571428,5.806640921025199e-10,True
10,23,HP:0000649,14,9,29,390,3.49957785345989e-10,20.919540229885058,0.6086956521739131,0.06921241050119331,8.794602698650676,6.371428737689306e-10,True
5,26,HP:0011358,9,17,3,413,3.7741698825468707e-10,72.88235294117646,0.34615384615384615,0.007211538461538462,47.99999999999999,6.840682912116203e-10,True
2,35,HP:0005914,9,26,1,406,4.0858892848936934e-10,140.53846153846155,0.2571428571428571,0.002457002457002457,104.65714285714284,7.34013738790637e-10,True
2,35,HP:0010049,9,26,1,406,4.0858892848936934e-10,140.53846153846155,0.2571428571428571,0.002457002457002457,104.65714285714284,7.34013738790637e-10,True
2,35,HP:0002164,10,25,3,404,6.305705115173479e-10,53.86666666666667,0.2857142857142857,0.007371007371007371,38.76190476190476,1.1228580161229967e-09,True
2,35,HP:0012368,10,25,3,404,6.305705115173479e-10,53.86666666666667,0.2857142857142857,0.007371007371007371,38.76190476190476,1.1228580161229967e-09,True
11,21,HP:0100259,13,8,28,393,6.562198945326501e-10,22.808035714285715,0.6190476190476191,0.0665083135391924,9.307823129251702,1.1634291579923838e-09,True
11,21,HP:0001162,11,10,15,406,7.068464892430508e-10,29.773333333333333,0.5238095238095238,0.035629453681710214,14.701587301587303,1.247737715794255e-09,True
10,23,HP:0002514,12,11,18,401,7.560671633455715e-10,24.303030303030305,0.5217391304347826,0.04295942720763723,12.144927536231885,1.3231175358547503e-09,True
10,23,HP:0430048,12,11,18,401,7.560671633455715e-10,24.303030303030305,0.5217391304347826,0.04295942720763723,12.144927536231885,1.3231175358547503e-09,True
10,23,HP:0012751,9,14,5,414,8.629606590621831e-10,53.22857142857143,0.391304347826087,0.011933174224343675,32.79130434782609,1.5036996891813147e-09,True
11,21,HP:0001737,8,13,3,418,9.133056253678177e-10,85.74358974358974,0.38095238095238093,0.007125890736342043,53.460317460317455,1.5645657548495105e-09,True
11,21,HP:0001746,8,13,3,418,9.133056253678177e-10,85.74358974358974,0.38095238095238093,0.007125890736342043,53.460317460317455,1.5645657548495105e-09,True
11,21,HP:0010451,8,13,3,418,9.133056253678177e-10,85.74358974358974,0.38095238095238093,0.007125890736342043,53.460317460317455,1.5645657548495105e-09,True
11,21,HP:0011932,8,13,3,418,9.133056253678177e-10,85.74358974358974,0.38095238095238093,0.007125890736342043,53.460317460317455,1.5645657548495105e-09,True
5,26,HP:0011883,7,19,0,416,1.0551259718698377e-09,inf,0.2692307692307692,0.0,269230.76923076925,1.7923897262726113e-09,True
5,26,HP:0012484,7,19,0,416,1.0551259718698377e-09,inf,0.2692307692307692,0.0,269230.76923076925,1.7923897262726113e-09,True
10,23,HP:0012072,10,13,9,410,1.1610264498694372e-09,35.042735042735046,0.43478260869565216,0.021479713603818614,20.241545893719806,1.9559200773734087e-09,True
10,23,HP:0032943,10,13,9,410,1.1610264498694372e-09,35.042735042735046,0.43478260869565216,0.021479713603818614,20.241545893719806,1.9559200773734087e-09,True
16,10,HP:0011390,7,3,8,424,1.1796841190425843e-09,123.66666666666667,0.7,0.018518518518518517,37.8,1.9791394724433436e-09,True
11,21,HP:0000037,7,14,1,420,1.4501062139088558e-09,210.0,0.3333333333333333,0.0023752969121140144,140.33333333333331,2.383575396141682e-09,True
11,21,HP:0000068,7,14,1,420,1.4501062139088558e-09,210.0,0.3333333333333333,0.0023752969121140144,140.33333333333331,2.383575396141682e-09,True
11,21,HP:0006870,7,14,1,420,1.4501062139088558e-09,210.0,0.3333333333333333,0.0023752969121140144,140.33333333333331,2.383575396141682e-09,True
11,21,HP:0010459,7,14,1,420,1.4501062139088558e-09,210.0,0.3333333333333333,0.0023752969121140144,140.33333333333331,2.383575396141682e-09,True
11,21,HP:0100732,7,14,1,420,1.4501062139088558e-09,210.0,0.3333333333333333,0.0023752969121140144,140.33333333333331,2.383575396141682e-09,True
5,26,HP:0012805,8,18,2,414,1.9236579040446184e-09,92.0,0.3076923076923077,0.004807692307692308,64.0,3.1492141493633673e-09,True
10,23,HP:0430106,14,9,34,385,1.9368512647827254e-09,17.61437908496732,0.6086956521739131,0.081145584725537,7.501278772378517,3.15807876908348e-09,True
10,23,HP:0011096,9,14,6,413,2.094056964262118e-09,44.25,0.391304347826087,0.014319809069212411,27.32608695652174,3.4007485099616793e-09,True
10,23,HP:0003828,10,13,10,409,2.2574380076100093e-09,31.46153846153846,0.43478260869565216,0.02386634844868735,18.217391304347824,3.6514734306361108e-09,True
5,26,HP:0007750,11,15,12,404,2.5360506997774383e-09,24.68888888888889,0.4230769230769231,0.028846153846153848,14.666666666666666,4.053687339014331e-09,True
5,26,HP:0008060,11,15,12,404,2.5360506997774383e-09,24.68888888888889,0.4230769230769231,0.028846153846153848,14.666666666666666,4.053687339014331e-09,True
10,23,HP:0012377,11,12,15,404,2.5360506997774383e-09,24.68888888888889,0.4782608695652174,0.03579952267303103,13.359420289855073,4.053687339014331e-09,True
11,21,HP:0006706,8,13,4,417,2.666585444651416e-09,64.15384615384616,0.38095238095238093,0.009501187648456057,40.09523809523809,4.196254614451453e-09,True
11,21,HP:0009799,8,13,4,417,2.666585444651416e-09,64.15384615384616,0.38095238095238093,0.009501187648456057,40.09523809523809,4.196254614451453e-09,True
11,21,HP:0011931,8,13,4,417,2.666585444651416e-09,64.15384615384616,0.38095238095238093,0.009501187648456057,40.09523809523809,4.196254614451453e-09,True
11,21,HP:0012501,8,13,4,417,2.666585444651416e-09,64.15384615384616,0.38095238095238093,0.009501187648456057,40.09523809523809,4.196254614451453e-09,True
8,24,HP:0007917,7,17,1,417,4.289397736082927e-09,171.7058823529412,0.2916666666666667,0.0023923444976076554,121.91666666666669,6.723920775481344e-09,True
11,21,HP:0000062,8,13,5,416,6.747242289160775e-09,51.2,0.38095238095238093,0.011876484560570071,32.076190476190476,1.0536078343843364e-08,True
1,56,HP:0003130,17,39,15,371,7.2287802752324556e-09,10.781196581196582,0.30357142857142855,0.038860103626943004,7.811904761904762,1.1244769317028264e-08,True
11,21,HP:0001830,10,11,15,406,1.1407918069282432e-08,24.606060606060606,0.47619047619047616,0.035629453681710214,13.365079365079364,1.761070241874018e-08,True
11,21,HP:0010322,10,11,15,406,1.1407918069282432e-08,24.606060606060606,0.47619047619047616,0.035629453681710214,13.365079365079364,1.761070241874018e-08,True
10,23,HP:0000709,10,13,13,406,1.2839775178765244e-08,24.023668639053255,0.43478260869565216,0.031026252983293555,14.013377926421406,1.9671504613504484e-08,True
10,23,HP:0007108,10,13,13,406,1.2839775178765244e-08,24.023668639053255,0.43478260869565216,0.031026252983293555,14.013377926421406,1.9671504613504484e-08,True
10,23,HP:0003542,7,16,2,417,1.325931550472022e-08,91.21875,0.30434782608695654,0.00477326968973747,63.76086956521739,2.0237902612467704e-08,True
8,24,HP:0000667,6,18,0,418,1.3447174693799594e-08,inf,0.25,0.0,250000.0,2.044776376660163e-08,True
8,24,HP:0000593,9,15,8,410,1.5067747977897898e-08,30.75,0.375,0.019138755980861243,19.59375,2.2826513727710996e-08,True
11,21,HP:0000567,8,13,6,415,1.5320743538230936e-08,42.56410256410256,0.38095238095238093,0.014251781472684086,26.730158730158728,2.2952848252847823e-08,True
11,21,HP:0001177,8,13,6,415,1.5320743538230936e-08,42.56410256410256,0.38095238095238093,0.014251781472684086,26.730158730158728,2.2952848252847823e-08,True
11,21,HP:0012090,8,13,6,415,1.5320743538230936e-08,42.56410256410256,0.38095238095238093,0.014251781472684086,26.730158730158728,2.2952848252847823e-08,True
6,25,HP:0008323,11,14,17,400,2.042983900360163e-08,18.48739495798319,0.44,0.0407673860911271,10.792941176470588,3.0216008158035384e-08,True
11,21,HP:0000073,7,14,3,418,2.0540931654230947e-08,69.66666666666667,0.3333333333333333,0.007125890736342043,46.77777777777777,3.0216008158035384e-08,True
11,21,HP:0001747,7,14,3,418,2.0540931654230947e-08,69.66666666666667,0.3333333333333333,0.007125890736342043,46.77777777777777,3.0216008158035384e-08,True
11,21,HP:0010295,7,14,3,418,2.0540931654230947e-08,69.66666666666667,0.3333333333333333,0.007125890736342043,46.77777777777777,3.0216008158035384e-08,True
11,21,HP:0011933,7,14,3,418,2.0540931654230947e-08,69.66666666666667,0.3333333333333333,0.007125890736342043,46.77777777777777,3.0216008158035384e-08,True
8,24,HP:0000482,11,13,19,399,2.8518559852320524e-08,17.76923076923077,0.4583333333333333,0.045454545454545456,10.083333333333332,4.1649407554108386e-08,True
8,24,HP:0000519,11,13,19,399,2.8518559852320524e-08,17.76923076923077,0.4583333333333333,0.045454545454545456,10.083333333333332,4.1649407554108386e-08,True
8,24,HP:0007773,9,15,9,409,2.918252937319191e-08,27.266666666666666,0.375,0.0215311004784689,17.416666666666664,4.246633306636529e-08,True
10,23,HP:0003829,10,13,15,404,3.465476776227539e-08,20.71794871794872,0.43478260869565216,0.03579952267303103,12.144927536231883,5.0249413255299315e-08,True
5,26,HP:0000635,7,19,2,414,3.513463856362746e-08,76.26315789473684,0.2692307692307692,0.004807692307692308,55.99999999999999,5.076392618089947e-08,True
11,21,HP:0011802,6,15,1,420,3.683063972866436e-08,168.0,0.2857142857142857,0.0023752969121140144,120.28571428571428,5.256245049608114e-08,True
11,21,HP:0100648,6,15,1,420,3.683063972866436e-08,168.0,0.2857142857142857,0.0023752969121140144,120.28571428571428,5.256245049608114e-08,True
11,21,HP:0100649,6,15,1,420,3.683063972866436e-08,168.0,0.2857142857142857,0.0023752969121140144,120.28571428571428,5.256245049608114e-08,True
15,11,HP:0030825,7,4,13,418,3.689728667828356e-08,56.26923076923077,0.6363636363636364,0.030162412993039442,21.0979020979021,5.256245049608114e-08,True
14,13,HP:0007641,10,3,42,387,4.840851643986839e-08,30.714285714285715,0.7692307692307693,0.0979020979020979,7.857142857142858,6.8719782078974e-08,True
13,15,HP:0008972,8,7,14,413,4.946450175130308e-08,33.714285714285715,0.5333333333333333,0.03278688524590164,16.266666666666666,6.997417320916046e-08,True
11,21,HP:0000221,7,14,4,417,5.488927720474142e-08,52.125,0.3333333333333333,0.009501187648456057,35.08333333333333,7.737863383723963e-08,True
8,24,HP:0030666,7,17,3,415,6.000646662875467e-08,56.96078431372549,0.2916666666666667,0.007177033492822967,40.63888888888889,8.429974204593217e-08,True
10,23,HP:0000091,9,14,11,408,6.049540256811575e-08,23.844155844155843,0.391304347826087,0.026252983293556086,14.90513833992095,8.469356359536205e-08,True
12,16,HP:0001116,6,10,3,423,6.331286124254749e-08,84.6,0.375,0.007042253521126761,53.25,8.833340778169856e-08,True
13,15,HP:0011922,8,7,15,412,7.472873897105831e-08,31.39047619047619,0.5333333333333333,0.0351288056206089,15.182222222222222,1.0390365761044409e-07,True
8,24,HP:0007731,6,18,1,417,9.079927132694039e-08,139.0,0.25,0.0023923444976076554,104.5,1.2538946992767958e-07,True
8,24,HP:0030490,6,18,1,417,9.079927132694039e-08,139.0,0.25,0.0023923444976076554,104.5,1.2538946992767958e-07,True
8,24,HP:0011885,9,15,11,407,9.45208291180246e-08,22.2,0.375,0.02631578947368421,14.25,1.300862936336203e-07,True
10,23,HP:0000630,9,14,12,407,1.0272482710725024e-07,21.803571428571427,0.391304347826087,0.028639618138424822,13.66304347826087,1.408995939376473e-07,True
15,11,HP:0007750,7,4,16,415,1.1381753349244266e-07,45.390625,0.6363636363636364,0.037122969837587005,17.142045454545453,1.5506684093265678e-07,True
15,11,HP:0008060,7,4,16,415,1.1381753349244266e-07,45.390625,0.6363636363636364,0.037122969837587005,17.142045454545453,1.5506684093265678e-07,True
13,15,HP:0002074,5,10,1,426,1.2860976346163708e-07,213.0,0.3333333333333333,0.00234192037470726,142.33333333333331,1.7405187988474885e-07,True
13,15,HP:0011813,5,10,1,426,1.2860976346163708e-07,213.0,0.3333333333333333,0.00234192037470726,142.33333333333331,1.7405187988474885e-07,True
11,21,HP:0000190,6,15,2,419,1.429722402729309e-07,83.8,0.2857142857142857,0.004750593824228029,60.14285714285714,1.9284627757744166e-07,True
10,23,HP:0010996,8,15,8,411,1.4481185135232293e-07,27.4,0.34782608695652173,0.01909307875894988,18.217391304347824,1.946808332749772e-07,True
16,10,HP:0008499,7,3,20,412,1.5109365156373345e-07,48.06666666666667,0.7,0.046296296296296294,15.12,2.0245551991708178e-07,True
8,24,HP:0001104,7,17,4,414,1.5934997468479405e-07,42.61764705882353,0.2916666666666667,0.009569377990430622,30.47916666666667,2.128160846119289e-07,True
10,23,HP:0008972,9,14,13,406,1.6867309890260617e-07,20.076923076923077,0.391304347826087,0.031026252983293555,12.612040133779265,2.237950266485559e-07,True
10,23,HP:3000036,9,14,13,406,1.6867309890260617e-07,20.076923076923077,0.391304347826087,0.031026252983293555,12.612040133779265,2.237950266485559e-07,True
12,16,HP:0011488,5,11,1,425,1.8670508288195808e-07,193.1818181818182,0.3125,0.002347417840375587,133.125,2.4691291091229636e-07,True
10,23,HP:0011922,9,14,14,405,2.688516641536466e-07,18.596938775510203,0.391304347826087,0.03341288782816229,11.711180124223603,3.5405278125916254e-07,True
11,21,HP:0000457,7,14,6,415,2.694638162785252e-07,34.583333333333336,0.3333333333333333,0.014251781472684086,23.388888888888886,3.5405278125916254e-07,True
13,15,HP:0011923,7,8,11,416,2.743536971425358e-07,33.09090909090909,0.4666666666666667,0.02576112412177986,18.115151515151513,3.5931484206409524e-07,True
10,23,HP:0000519,10,13,20,399,2.760042517623666e-07,15.346153846153847,0.43478260869565216,0.0477326968973747,9.108695652173912,3.603142322042471e-07,True
4,26,HP:0002983,7,19,4,412,2.978370831868632e-07,37.94736842105263,0.2692307692307692,0.009615384615384616,27.999999999999996,3.875700505572643e-07,True
15,11,HP:0007814,8,3,32,399,3.053669136892886e-07,33.25,0.7272727272727273,0.07424593967517401,9.795454545454547,3.960989359675756e-07,True
8,24,HP:0001087,6,18,2,416,3.5032889209951276e-07,69.33333333333333,0.25,0.004784688995215311,52.25,4.5153501648381644e-07,True
8,24,HP:0100832,6,18,2,416,3.5032889209951276e-07,69.33333333333333,0.25,0.004784688995215311,52.25,4.5153501648381644e-07,True
10,23,HP:0000112,10,13,21,398,3.958568926665611e-07,14.578754578754578,0.43478260869565216,0.050119331742243436,8.674948240165632,5.086009443753918e-07,True
5,26,HP:0007894,8,18,8,408,4.384290487665432e-07,22.666666666666668,0.3076923076923077,0.019230769230769232,16.0,5.615211160858566e-07,True
10,23,HP:0011923,8,15,10,409,4.6215344867383536e-07,21.813333333333333,0.34782608695652173,0.02386634844868735,14.57391304347826,5.900449690615633e-07,True
11,21,HP:0002612,8,13,12,409,5.452746648780966e-07,20.974358974358974,0.38095238095238093,0.028503562945368172,13.365079365079364,6.939859371175775e-07,True
10,23,HP:0003130,10,13,22,397,5.593983529049991e-07,13.881118881118882,0.43478260869565216,0.05250596658711217,8.280632411067193,7.097366602482176e-07,True
2,35,HP:0003336,9,26,8,399,6.716274051716352e-07,17.264423076923077,0.2571428571428571,0.019656019656019656,13.082142857142856,8.494726682233143e-07,True
5,26,HP:0001480,7,19,5,411,6.873370501865394e-07,30.28421052631579,0.2692307692307692,0.01201923076923077,22.4,8.666423676265062e-07,True
12,16,HP:0000550,8,8,20,406,8.428969220917164e-07,20.3,0.5,0.046948356807511735,10.65,1.0594927256013525e-06,True
11,21,HP:0000647,7,14,8,413,9.538093567766305e-07,25.8125,0.3333333333333333,0.019002375296912115,17.541666666666664,1.1915279964655753e-06,True
11,21,HP:0001360,7,14,8,413,9.538093567766305e-07,25.8125,0.3333333333333333,0.019002375296912115,17.541666666666664,1.1915279964655753e-06,True
9,24,HP:0001830,9,15,16,402,9.77634237796448e-07,15.075,0.375,0.03827751196172249,9.796875,1.2138211025851924e-06,True
9,24,HP:0010322,9,15,16,402,9.77634237796448e-07,15.075,0.375,0.03827751196172249,9.796875,1.2138211025851924e-06,True
8,24,HP:0007902,6,18,3,415,1.0137041439667331e-06,46.111111111111114,0.25,0.007177033492822967,34.833333333333336,1.2509540500015005e-06,True
8,24,HP:0007973,6,18,3,415,1.0137041439667331e-06,46.111111111111114,0.25,0.007177033492822967,34.833333333333336,1.2509540500015005e-06,True
15,11,HP:0011516,4,7,1,430,1.0383139888569545e-06,245.71428571428572,0.36363636363636365,0.002320185614849188,156.72727272727275,1.2774408468967379e-06,True
15,11,HP:0007695,7,4,24,407,1.1415439382399519e-06,29.677083333333332,0.6363636363636364,0.05568445475638051,11.428030303030303,1.4002019302882794e-06,True
5,26,HP:0000493,12,14,34,382,1.2871071440357395e-06,9.630252100840336,0.46153846153846156,0.08173076923076923,5.647058823529412,1.573992471320814e-06,True
11,21,HP:0007361,8,13,14,407,1.309864932578764e-06,17.89010989010989,0.38095238095238093,0.0332541567695962,11.45578231292517,1.5970125003813158e-06,True
16,10,HP:0011073,4,6,2,430,1.964108546645402e-06,143.33333333333334,0.4,0.004629629629629629,86.4,2.387509191431237e-06,True
2,35,HP:0003508,9,26,10,397,2.2804613074165966e-06,13.742307692307692,0.2571428571428571,0.02457002457002457,10.465714285714286,2.7637829576451884e-06,True
0,63,HP:0007401,17,46,22,357,2.376218058796367e-06,5.997035573122529,0.2698412698412698,0.05804749340369393,4.648629148629149,2.8627434180158013e-06,True
0,63,HP:0007722,17,46,22,357,2.376218058796367e-06,5.997035573122529,0.2698412698412698,0.05804749340369393,4.648629148629149,2.8627434180158013e-06,True
8,24,HP:0007833,6,18,4,414,2.4442506599737003e-06,34.5,0.25,0.009569377990430622,26.125,2.93599339629977e-06,True
8,24,HP:0000646,7,17,8,410,2.700508693589899e-06,21.102941176470587,0.2916666666666667,0.019138755980861243,15.239583333333336,3.2342375504351e-06,True
15,11,HP:0007641,8,3,44,387,2.7585137567497866e-06,23.454545454545453,0.7272727272727273,0.10208816705336426,7.123966942148761,3.293989956589451e-06,True
15,11,HP:0007686,7,4,28,403,2.8217210006455217e-06,25.1875,0.6363636363636364,0.06496519721577726,9.795454545454545,3.359585707513436e-06,True
2,35,HP:0002514,11,24,19,388,2.9810625872817164e-06,9.359649122807017,0.3142857142857143,0.04668304668304668,6.73233082706767,3.5286046951497865e-06,True
2,35,HP:0430048,11,24,19,388,2.9810625872817164e-06,9.359649122807017,0.3142857142857143,0.04668304668304668,6.73233082706767,3.5286046951497865e-06,True
15,11,HP:0008059,7,4,29,402,3.4730532084068112e-06,24.25862068965517,0.6363636363636364,0.06728538283062645,9.4576802507837,4.09901047271269e-06,True
15,11,HP:0008061,7,4,30,401,4.246951378416776e-06,23.391666666666666,0.6363636363636364,0.06960556844547564,9.142424242424243,4.997861622136844e-06,True
12,16,HP:0012434,4,12,1,425,5.673485250356718e-06,141.66666666666666,0.25,0.002347417840375587,106.5,6.657326623250947e-06,True
0,63,HP:0008002,16,47,21,358,5.861467072415775e-06,5.803444782168186,0.25396825396825395,0.055408970976253295,4.583522297808012,6.858085393085893e-06,True
15,11,HP:0007722,7,4,32,399,6.236803073232237e-06,21.8203125,0.6363636363636364,0.07424593967517401,8.571022727272727,7.276270252104277e-06,True
3,29,HP:0003774,9,20,16,397,6.290586037171815e-06,11.165625,0.3103448275862069,0.0387409200968523,8.010775862068966,7.317988341237126e-06,True
7,25,HP:0010996,7,18,9,408,6.317158652709358e-06,17.62962962962963,0.28,0.02158273381294964,12.973333333333334,7.327904037142855e-06,True
11,21,HP:0000090,7,14,12,409,6.650592981234987e-06,17.041666666666668,0.3333333333333333,0.028503562945368172,11.694444444444443,7.64912393875752e-06,True
11,21,HP:0008053,7,14,12,409,6.650592981234987e-06,17.041666666666668,0.3333333333333333,0.028503562945368172,11.694444444444443,7.64912393875752e-06,True
11,21,HP:0008055,7,14,12,409,6.650592981234987e-06,17.041666666666668,0.3333333333333333,0.028503562945368172,11.694444444444443,7.64912393875752e-06,True
8,24,HP:0000615,7,17,10,408,7.6061736171344525e-06,16.8,0.2916666666666667,0.023923444976076555,12.191666666666668,8.723464656939513e-06,True
16,10,HP:0008555,3,7,0,432,8.394966378159655e-06,inf,0.3,0.0,300000.0,9.601003801500901e-06,True
12,16,HP:0008002,8,8,29,397,8.961049054010294e-06,13.689655172413794,0.5,0.06807511737089202,7.344827586206897,1.0219623359348818e-05,True
8,24,HP:0001004,6,18,6,412,1.0002977799381868e-05,22.88888888888889,0.25,0.014354066985645933,17.416666666666668,1.137593553655193e-05,True
10,23,HP:0005978,10,13,33,386,1.205487718113232e-05,8.997668997668997,0.43478260869565216,0.07875894988066826,5.520421607378129,1.3671173562960116e-05,True
11,21,HP:0000528,7,14,14,407,1.4478666083177097e-05,14.535714285714286,0.3333333333333333,0.0332541567695962,10.023809523809524,1.6374201754233707e-05,True
9,24,HP:0001162,8,16,18,400,1.8447918542550945e-05,11.11111111111111,0.3333333333333333,0.0430622009569378,7.74074074074074,2.0805152578543565e-05,True
15,11,HP:0000493,7,4,39,392,2.0427360970772542e-05,17.58974358974359,0.6363636363636364,0.09048723897911833,7.032634032634033,2.2973707906187403e-05,True
11,21,HP:0008062,7,14,15,406,2.062410662012298e-05,13.533333333333333,0.3333333333333333,0.035629453681710214,9.355555555555554,2.3067182610936448e-05,True
11,21,HP:0100957,7,14,15,406,2.062410662012298e-05,13.533333333333333,0.3333333333333333,0.035629453681710214,9.355555555555554,2.3067182610936448e-05,True
12,16,HP:0000480,6,10,14,412,2.341646795105574e-05,17.65714285714286,0.375,0.03286384976525822,11.410714285714285,2.611836809925448e-05,True
11,21,HP:0000112,8,13,23,398,2.5149749753740547e-05,10.648829431438127,0.38095238095238093,0.05463182897862233,6.973084886128364,2.797479013703743e-05,True
8,24,HP:0007375,6,18,8,410,3.0231986569765426e-05,17.083333333333332,0.25,0.019138755980861243,13.0625,3.353602881782722e-05,True
12,16,HP:0011484,4,12,3,423,3.799011706245578e-05,47.0,0.25,0.007042253521126761,35.5,4.202721397100013e-05,True
9,24,HP:0001829,9,15,29,389,5.082522111769866e-05,8.048275862068966,0.375,0.06937799043062201,5.405172413793103,5.5921517002129146e-05,True
9,24,HP:0009136,9,15,29,389,5.082522111769866e-05,8.048275862068966,0.375,0.06937799043062201,5.405172413793103,5.5921517002129146e-05,True
16,10,HP:0008527,4,6,8,424,6.064260870403832e-05,35.333333333333336,0.4,0.018518518518518517,21.6,6.654297063199881e-05,True
5,26,HP:0000666,8,18,20,396,6.679989176668762e-05,8.8,0.3076923076923077,0.04807692307692308,6.4,7.31017683484506e-05,True
12,16,HP:0007793,4,12,4,422,7.431013697270851e-05,35.166666666666664,0.25,0.009389671361502348,26.625,8.110192368526789e-05,True
11,21,HP:0001395,9,12,40,381,0.00012949087364155546,7.14375,0.42857142857142855,0.09501187648456057,4.510714285714285,0.00014094717077338208,True
12,16,HP:0000577,6,10,21,405,0.00015503238701581977,11.571428571428571,0.375,0.04929577464788732,7.607142857142858,0.00016829719018294874,True
5,26,HP:0031605,8,18,24,392,0.000193510442204543,7.2592592592592595,0.3076923076923077,0.057692307692307696,5.333333333333333,0.00020950730542678523,True
11,21,HP:0000482,7,14,23,398,0.0001945700680605026,8.652173913043478,0.3333333333333333,0.05463182897862233,6.101449275362318,0.00021009427561852144,True
12,16,HP:0007833,4,12,6,420,0.0002132243079505723,23.333333333333332,0.25,0.014084507042253521,17.75,0.00022962617779292402,True
8,24,HP:0000533,8,16,28,390,0.00025285592404828886,6.964285714285714,0.3333333333333333,0.06698564593301436,4.976190476190475,0.00027158599249631026,True
12,16,HP:0020049,6,10,24,402,0.0002923786479429663,10.05,0.375,0.056338028169014086,6.65625,0.000313207733680328,True
8,24,HP:0008061,8,16,29,389,0.0003115468123738613,6.706896551724138,0.3333333333333333,0.06937799043062201,4.804597701149425,0.00033286317322049397,True
8,24,HP:0000609,6,18,14,404,0.0003134760702465211,9.619047619047619,0.25,0.03349282296650718,7.464285714285714,0.000333170901885046,True
8,24,HP:0012841,6,18,14,404,0.0003134760702465211,9.619047619047619,0.25,0.03349282296650718,7.464285714285714,0.000333170901885046,True
15,11,HP:0012508,5,6,26,405,0.0004208631261299421,12.98076923076923,0.45454545454545453,0.060324825986078884,7.534965034965035,0.0004461368908844817,True
8,24,HP:0200065,8,16,31,387,0.0004629224399768222,6.241935483870968,0.3333333333333333,0.07416267942583732,4.494623655913978,0.0004894440381004943,True
12,16,HP:0012230,4,12,8,418,0.00048067754007139407,17.416666666666668,0.25,0.018779342723004695,13.3125,0.0005055831120958186,True
12,16,HP:0025732,4,12,8,418,0.00048067754007139407,17.416666666666668,0.25,0.018779342723004695,13.3125,0.0005055831120958186,True
8,24,HP:0008058,6,18,16,402,0.0005607772065479606,8.375,0.25,0.03827751196172249,6.53125,0.0005867926439651341,True
8,24,HP:0008062,6,18,16,402,0.0005607772065479606,8.375,0.25,0.03827751196172249,6.53125,0.0005867926439651341,True
12,16,HP:0000533,6,10,30,396,0.0008470309077809394,7.92,0.375,0.07042253521126761,5.325,0.000884047682671109,True
12,16,HP:0002172,4,12,10,416,0.0009295618440969229,13.866666666666667,0.25,0.023474178403755867,10.65,0.0009652227844075465,True
12,16,HP:0011342,4,12,10,416,0.0009295618440969229,13.866666666666667,0.25,0.023474178403755867,10.65,0.0009652227844075465,True
14,13,HP:0012508,5,8,26,403,0.001058751380293166,9.6875,0.38461538461538464,0.06060606060606061,6.346153846153847,0.0010965639295893504,True
8,24,HP:0011003,7,17,27,391,0.001146314880844992,5.962962962962963,0.2916666666666667,0.0645933014354067,4.515432098765432,0.0011842336936973708,True
12,16,HP:0200065,6,10,33,393,0.00133274903091822,7.1454545454545455,0.375,0.07746478873239436,4.840909090909092,0.0013733403719614146,True
12,16,HP:0007814,6,10,34,392,0.0015354745163887844,6.91764705882353,0.375,0.07981220657276995,4.698529411764706,0.0015782345662122695,True
8,24,HP:0008059,7,17,29,389,0.0016545324334707884,5.523326572008114,0.2916666666666667,0.06937799043062201,4.204022988505748,0.0016963135555281314,True
12,16,HP:0000593,4,12,13,413,0.002066564646611505,10.58974358974359,0.25,0.03051643192488263,8.192307692307692,0.002113413719204713,True
12,16,HP:0000622,4,12,14,412,0.0025980782687434357,9.80952380952381,0.25,0.03286384976525822,7.607142857142857,0.0026503009475121477,True
13,15,HP:0002505,4,11,17,410,0.003677509777472778,8.770053475935828,0.26666666666666666,0.03981264637002342,6.698039215686274,0.0037420274928670373,True
12,16,HP:0007722,5,11,34,392,0.008759873634976165,5.240641711229946,0.3125,0.07981220657276995,3.9154411764705883,0.008891271739500807,True
12,16,HP:0008499,4,12,23,403,0.012166513624437986,5.840579710144928,0.25,0.0539906103286385,4.630434782608695,0.012318215789331228,True
12,16,HP:0008323,4,12,24,402,0.013876850864711956,5.583333333333333,0.25,0.056338028169014086,4.4375,0.014014928982768791,True
12,16,HP:0000541,5,11,41,385,0.01784943696294418,4.2682926829268295,0.3125,0.09624413145539906,3.2469512195121952,0.017982311183512,True
15,11,HP:0011003,3,8,31,400,0.04484066796176501,4.838709677419355,0.2727272727272727,0.07192575406032482,3.791788856304985,0.04506265146652622,True
15,11,HP:0008002,3,8,34,397,0.0558088124620885,4.3786764705882355,0.2727272727272727,0.07888631090487239,3.4572192513368982,0.05594661199903193,False
15,11,HP:0000548,3,8,46,385,0.11161049501408117,3.1385869565217392,0.2727272727272727,0.10672853828306264,2.5553359683794468,0.11161049501408117,False
