gene,Arab_Muslim,Ashkenazi,Jewish_Other,Middle_Eastern_Jewish,North_African_Jewish
A2ML1,0.44924888347543646,1.5695035460992908,2.0154826958105643,0.9197838736492103,1.0912228796844181
AADAC,0.44924888347543646,0.7847517730496454,2.0154826958105643,1.8395677472984207,1.0912228796844181
AARS,0.44924888347543646,0.7847517730496454,2.0154826958105643,0.9197838736492103,2.1824457593688362
AARS2,1.1552114146511223,0.672644376899696,1.7275565964090551,0.7883861774136088,0.9353338968723585
ABCA13,0.44924888347543646,1.5695035460992908,2.0154826958105643,0.9197838736492103,1.0912228796844181
ABCA4,1.0291883512346363,1.1129206963249516,1.0993541977148533,1.1037406483790524,0.5952124798278645
ABCB4,0.44924888347543646,0.7847517730496454,2.0154826958105643,1.8395677472984207,1.0912228796844181
ABCC6,0.6738733252131547,1.1771276595744682,1.5116120218579234,1.0347568578553616,1.2276257396449706
ABCC8,0.33693666260657734,1.1771276595744682,1.5116120218579234,0.6898379052369078,2.455251479289941
ABCC9,0.44924888347543646,0.7847517730496454,4.0309653916211285,0.9197838736492103,1.0912228796844181
ABHD12,0.44924888347543646,0.7847517730496454,4.0309653916211285,0.9197838736492103,1.0912228796844181
ABL2,0.44924888347543646,1.5695035460992908,2.0154826958105643,0.9197838736492103,1.0912228796844181
ACACB,0.8984977669508729,0.7847517730496454,2.0154826958105643,0.9197838736492103,1.0912228796844181
ACO2,0.44924888347543646,1.5695035460992908,2.0154826958105643,0.9197838736492103,1.0912228796844181
ADAM9,0.3850704715503741,0.672644376899696,3.4551131928181102,0.7883861774136088,1.870667793744717
ADAMTS18,0.8984977669508729,0.7847517730496454,2.0154826958105643,0.9197838736492103,1.0912228796844181
ADGRE2,0.8984977669508729,0.7847517730496454,2.0154826958105643,0.9197838736492103,1.0912228796844181
ADGRG4,0.8984977669508729,0.7847517730496454,2.0154826958105643,0.9197838736492103,1.0912228796844181
ADGRV1,0.24504484553205624,1.2841392649903287,2.1987083954297066,2.0068011788710045,0.5952124798278645
ADRA2B,0.44924888347543646,0.7847517730496454,2.0154826958105643,0.9197838736492103,2.1824457593688362
AEBP1,0.8984977669508729,0.7847517730496454,2.0154826958105643,0.9197838736492103,1.0912228796844181
AGA,0.44924888347543646,0.7847517730496454,2.0154826958105643,1.8395677472984207,1.0912228796844181
AGAP3,0.44924888347543646,1.5695035460992908,2.0154826958105643,0.9197838736492103,1.0912228796844181
AGBL5,1.3477466504263094,0.5885638297872341,1.5116120218579234,0.6898379052369078,0.8184171597633136
AGO1,0.44924888347543646,0.7847517730496454,4.0309653916211285,0.9197838736492103,1.0912228796844181
AHI1,0.3850704715503741,0.672644376899696,3.4551131928181102,0.7883861774136088,1.870667793744717
AHNAK,1.1552114146511223,0.672644376899696,1.7275565964090551,0.7883861774136088,0.9353338968723585
AIPL1,1.6172959805115712,0.6278014184397163,0.8061930783242258,0.36791354945968413,0.8729783037475346
AKAP9,0.44924888347543646,0.7847517730496454,2.0154826958105643,1.8395677472984207,1.0912228796844181
ALDH18A1,0.44924888347543646,0.7847517730496454,2.0154826958105643,0.9197838736492103,2.1824457593688362
ALDH3A2,0.8984977669508729,0.7847517730496454,2.0154826958105643,0.9197838736492103,1.0912228796844181
ALDH3B1,0.44924888347543646,0.7847517730496454,4.0309653916211285,0.9197838736492103,1.0912228796844181
ALG9,1.1552114146511223,0.672644376899696,1.7275565964090551,0.7883861774136088,0.9353338968723585
ALMS1,1.2252242276602812,0.428046421663443,1.0993541977148533,1.0034005894355023,1.190424959655729
ALPK1,0.29949925565029095,1.5695035460992908,1.3436551305403763,0.6131892490994736,2.1824457593688362
AMACR,1.1552114146511223,0.672644376899696,1.7275565964090551,0.7883861774136088,0.9353338968723585
ANO5,0.44924888347543646,0.7847517730496454,2.0154826958105643,0.9197838736492103,2.1824457593688362
APC,0.7701409431007482,1.345288753799392,1.7275565964090551,0.7883861774136088,0.9353338968723585
APOB,0.33693666260657734,0.5885638297872341,3.023224043715847,0.6898379052369078,2.455251479289941
APOC3,0.44924888347543646,1.5695035460992908,2.0154826958105643,0.9197838736492103,1.0912228796844181
APOE,0.3850704715503741,1.345288753799392,1.7275565964090551,1.5767723548272177,0.9353338968723585
ARHGAP6,0.44924888347543646,0.7847517730496454,2.0154826958105643,1.8395677472984207,1.0912228796844181
ARHGEF10,0.8984977669508729,0.7847517730496454,2.0154826958105643,0.9197838736492103,1.0912228796844181
ARID1B,1.1552114146511223,0.672644376899696,1.7275565964090551,0.7883861774136088,0.9353338968723585
ARSB,0.8984977669508729,0.7847517730496454,2.0154826958105643,0.9197838736492103,1.0912228796844181
ARSG,0.44924888347543646,0.7847517730496454,2.0154826958105643,1.8395677472984207,1.0912228796844181
ASPM,0.8984977669508729,0.7847517730496454,2.0154826958105643,0.9197838736492103,1.0912228796844181
ASXL1,0.8984977669508729,0.7847517730496454,2.0154826958105643,0.9197838736492103,1.0912228796844181
ATAD3A,0.8984977669508729,0.7847517730496454,2.0154826958105643,0.9197838736492103,1.0912228796844181
ATF6,0.44924888347543646,0.7847517730496454,2.0154826958105643,1.8395677472984207,1.0912228796844181
ATM,0.44924888347543646,0.7847517730496454,4.0309653916211285,0.9197838736492103,1.0912228796844181
ATN1,0.7701409431007482,0.672644376899696,1.7275565964090551,1.5767723548272177,0.9353338968723585
ATP11A,0.44924888347543646,0.7847517730496454,4.0309653916211285,0.9197838736492103,1.0912228796844181
ATP1A1,0.44924888347543646,0.7847517730496454,2.0154826958105643,0.9197838736492103,2.1824457593688362
ATP1A2,0.44924888347543646,0.7847517730496454,4.0309653916211285,0.9197838736492103,1.0912228796844181
ATR,0.8984977669508729,0.7847517730496454,2.0154826958105643,0.9197838736492103,1.0912228796844181
ATXN1,0.44924888347543646,0.7847517730496454,4.0309653916211285,0.9197838736492103,1.0912228796844181
ATXN2,0.24504484553205624,0.856092843326886,1.0993541977148533,1.0034005894355023,2.9760623991393222
ATXN3,0.44924888347543646,0.7847517730496454,2.0154826958105643,1.8395677472984207,1.0912228796844181
ATXN7,0.33693666260657734,2.3542553191489364,1.5116120218579234,0.6898379052369078,0.8184171597633136
BAP1,0.44924888347543646,0.7847517730496454,2.0154826958105643,1.8395677472984207,1.0912228796844181
BAZ2B,0.8984977669508729,0.7847517730496454,2.0154826958105643,0.9197838736492103,1.0912228796844181
BBS1,1.1979970226011638,0.5231678486997635,1.3436551305403763,0.6131892490994736,1.4549638395792241
BBS10,0.7701409431007482,0.672644376899696,1.7275565964090551,1.5767723548272177,0.9353338968723585
BBS2,0.4146912770542491,1.8109656301145665,0.930222782681799,1.2735469019758299,1.0072826581702323
BBS7,0.8984977669508729,0.7847517730496454,2.0154826958105643,0.9197838736492103,1.0912228796844181
BCAT2,0.44924888347543646,0.7847517730496454,2.0154826958105643,1.8395677472984207,1.0912228796844181
BCS1L,0.3850704715503741,1.345288753799392,1.7275565964090551,0.7883861774136088,1.870667793744717
BEST1,1.0367281926356227,1.2676759410801963,0.4651113913408995,1.2735469019758299,0.5036413290851162
BHLHE40,0.44924888347543646,0.7847517730496454,2.0154826958105643,1.8395677472984207,1.0912228796844181
BMP4,0.44924888347543646,1.5695035460992908,2.0154826958105643,0.9197838736492103,1.0912228796844181
BPTF,0.44924888347543646,0.7847517730496454,2.0154826958105643,1.8395677472984207,1.0912228796844181
BRCA1,0.6738733252131547,1.1771276595744682,1.5116120218579234,1.3796758104738156,0.8184171597633136
BRCA2,0.44924888347543646,1.5695035460992908,2.0154826958105643,0.9197838736492103,1.0912228796844181
BTD,1.3477466504263094,0.5885638297872341,1.5116120218579234,0.6898379052369078,0.8184171597633136
BUB1B,0.8984977669508729,0.7847517730496454,2.0154826958105643,0.9197838736492103,1.0912228796844181
C12orf65,0.8984977669508729,0.7847517730496454,2.0154826958105643,0.9197838736492103,1.0912228796844181
C19orf12,0.44924888347543646,0.7847517730496454,4.0309653916211285,0.9197838736492103,1.0912228796844181
C2,0.44924888347543646,0.7847517730496454,4.0309653916211285,0.9197838736492103,1.0912228796844181
C3,0.8984977669508729,0.7847517730496454,2.0154826958105643,0.9197838736492103,1.0912228796844181
C6,0.44924888347543646,0.7847517730496454,4.0309653916211285,0.9197838736492103,1.0912228796844181
C9,0.44924888347543646,1.5695035460992908,2.0154826958105643,0.9197838736492103,1.0912228796844181
CA4,1.1552114146511223,0.672644376899696,1.7275565964090551,0.7883861774136088,0.9353338968723585
CA6,0.8984977669508729,0.7847517730496454,2.0154826958105643,0.9197838736492103,1.0912228796844181
CABP4,0.6738733252131547,1.1771276595744682,1.5116120218579234,1.3796758104738156,0.8184171597633136
CACNA1A,0.44924888347543646,1.5695035460992908,2.0154826958105643,0.9197838736492103,1.0912228796844181
CACNA1D,0.7701409431007482,0.672644376899696,1.7275565964090551,1.5767723548272177,0.9353338968723585
CACNA1F,1.0781973203410475,0.9417021276595745,1.2092896174863388,0.8278054862842893,0.9821005917159764
CACNA1G,0.8984977669508729,0.7847517730496454,2.0154826958105643,0.9197838736492103,1.0912228796844181
CACNA2D4,0.44924888347543646,2.3542553191489364,2.0154826958105643,0.45989193682460516,0.5456114398422091
CACNB2,0.8984977669508729,0.7847517730496454,2.0154826958105643,0.9197838736492103,1.0912228796844181
CADPS2,0.8984977669508729,0.7847517730496454,2.0154826958105643,0.9197838736492103,1.0912228796844181
CAPN1,0.8984977669508729,0.7847517730496454,2.0154826958105643,0.9197838736492103,1.0912228796844181
CAPN3,0.7701409431007482,0.672644376899696,3.4551131928181102,0.7883861774136088,0.9353338968723585
CASR,0.8984977669508729,0.7847517730496454,2.0154826958105643,0.9197838736492103,1.0912228796844181
CCDC40,0.8984977669508729,0.7847517730496454,2.0154826958105643,0.9197838736492103,1.0912228796844181
CCDC78,1.010809987819732,0.5885638297872341,1.5116120218579234,0.6898379052369078,1.6368343195266273
CCDC88C,0.44924888347543646,0.7847517730496454,2.0154826958105643,1.8395677472984207,1.0912228796844181
CCSER1,0.44924888347543646,0.7847517730496454,2.0154826958105643,0.9197838736492103,2.1824457593688362
CCT4,0.44924888347543646,1.5695035460992908,2.0154826958105643,0.9197838736492103,1.0912228796844181
CD96,0.44924888347543646,1.5695035460992908,2.0154826958105643,0.9197838736492103,1.0912228796844181
CDHR1,1.2578968737312222,0.6278014184397163,0.8061930783242258,1.1037406483790524,0.8729783037475346
CDON,0.8984977669508729,0.5231678486997635,1.3436551305403763,1.8395677472984207,0.7274819197896121
CEL,0.3850704715503741,1.345288753799392,2.5913348946135826,1.5767723548272177,0.46766694843617923
CEP164,0.8984977669508729,0.7847517730496454,2.0154826958105643,0.9197838736492103,1.0912228796844181
CEP250,0.44924888347543646,0.7847517730496454,4.0309653916211285,0.9197838736492103,1.0912228796844181
CEP290,1.7969955339017458,0.31390070921985813,0.8061930783242258,0.36791354945968413,0.8729783037475346
CEP41,0.3850704715503741,0.672644376899696,1.7275565964090551,0.7883861774136088,2.8060016906170753
CEP63,0.8984977669508729,0.7847517730496454,2.0154826958105643,0.9197838736492103,1.0912228796844181
CEP78,0.6738733252131547,0.5885638297872341,3.023224043715847,1.3796758104738156,0.8184171597633136
CERKL,0.5776057073255612,0.336322188449848,0.8637782982045276,3.1535447096544353,0.46766694843617923
CETP,0.7701409431007482,0.672644376899696,3.4551131928181102,0.7883861774136088,0.9353338968723585
CFAP410,0.6220369155813736,0.7243862520458265,0.930222782681799,0.8490312679838865,2.5182066454255807
CFB,0.44924888347543646,0.7847517730496454,2.0154826958105643,1.8395677472984207,1.0912228796844181
CFH,0.3850704715503741,1.345288753799392,1.7275565964090551,0.7883861774136088,1.870667793744717
CFHR3,0.8984977669508729,0.7847517730496454,2.0154826958105643,0.9197838736492103,1.0912228796844181
CFHR5,0.7701409431007482,1.345288753799392,1.7275565964090551,0.7883861774136088,0.9353338968723585
CFTR,0.2567136477002494,2.017933130699088,1.1517043976060368,1.0511815698848117,1.2471118624964779
CHD3,0.44924888347543646,1.5695035460992908,2.0154826958105643,0.9197838736492103,1.0912228796844181
CHEK2,0.8086479902557856,1.883404255319149,1.2092896174863388,0.5518703241895262,0.654733727810651
CHM,0.24504484553205624,1.2841392649903287,2.1987083954297066,1.0034005894355023,1.7856374394835934
CHRNA4,0.44924888347543646,1.5695035460992908,2.0154826958105643,0.9197838736492103,1.0912228796844181
CHRND,0.44924888347543646,0.7847517730496454,2.0154826958105643,1.8395677472984207,1.0912228796844181
CHRNE,0.44924888347543646,1.5695035460992908,2.0154826958105643,0.9197838736492103,1.0912228796844181
CLCN1,0.44924888347543646,0.7847517730496454,2.0154826958105643,1.8395677472984207,1.0912228796844181
CLCN2,0.7701409431007482,0.672644376899696,1.7275565964090551,1.5767723548272177,0.9353338968723585
CLCNKB,0.8984977669508729,0.7847517730496454,2.0154826958105643,0.9197838736492103,1.0912228796844181
CLN3,1.1979970226011638,0.5231678486997635,1.3436551305403763,1.2263784981989472,0.7274819197896121
CLRN1,0.35939910678034914,1.883404255319149,0.8061930783242258,1.8395677472984207,0.4364891518737673
CNBP,0.44924888347543646,0.7847517730496454,2.0154826958105643,0.9197838736492103,2.1824457593688362
CNGA1,0.19253523577518705,1.6816109422492402,1.7275565964090551,0.7883861774136088,1.870667793744717
CNGA3,1.2173195552237632,1.0632120796156486,1.5603736999823725,0.3560453704448556,0.8448177133040657
CNGB1,1.3477466504263094,0.26158392434988176,1.3436551305403763,1.532973122748684,0.36374095989480604
CNGB3,0.6417841192506235,1.345288753799392,2.3034087952120736,1.0511815698848117,0.6235559312482389
CNNM4,0.8984977669508729,0.7847517730496454,2.0154826958105643,0.9197838736492103,1.0912228796844181
CNOT2,0.44924888347543646,1.5695035460992908,2.0154826958105643,0.9197838736492103,1.0912228796844181
CNTN6,0.44924888347543646,0.7847517730496454,2.0154826958105643,1.8395677472984207,1.0912228796844181
COG4,0.3850704715503741,1.345288753799392,3.4551131928181102,0.7883861774136088,0.9353338968723585
COL11A1,0.8984977669508729,1.046335697399527,1.3436551305403763,1.2263784981989472,0.7274819197896121
COL12A1,0.7701409431007482,0.672644376899696,1.7275565964090551,0.7883861774136088,1.870667793744717
COL17A1,0.8984977669508729,0.7847517730496454,2.0154826958105643,0.9197838736492103,1.0912228796844181
COL18A1,1.2252242276602812,1.2841392649903287,1.0993541977148533,0.5017002947177511,0.5952124798278645
COL1A2,0.44924888347543646,0.7847517730496454,2.0154826958105643,0.9197838736492103,2.1824457593688362
COL24A1,0.8984977669508729,0.7847517730496454,2.0154826958105643,0.9197838736492103,1.0912228796844181
COL2A1,0.5390986601705238,0.9417021276595745,2.4185792349726776,0.5518703241895262,1.9642011834319528
COL3A1,0.3850704715503741,0.672644376899696,1.7275565964090551,2.3651585322408266,0.9353338968723585
COL4A2,0.8984977669508729,0.7847517730496454,2.0154826958105643,0.9197838736492103,1.0912228796844181
COL4A3,0.2695493300852619,0.47085106382978725,2.4185792349726776,1.6556109725685786,1.9642011834319528
COL4A3BP,0.8984977669508729,0.7847517730496454,2.0154826958105643,0.9197838736492103,1.0912228796844181
COL4A4,0.6738733252131547,1.1771276595744682,1.5116120218579234,1.3796758104738156,0.8184171597633136
COL5A3,0.44924888347543646,0.7847517730496454,2.0154826958105643,1.8395677472984207,1.0912228796844181
COL6A1,0.44924888347543646,0.7847517730496454,2.0154826958105643,0.9197838736492103,2.1824457593688362
COL6A2,0.7701409431007482,1.345288753799392,1.7275565964090551,0.7883861774136088,0.9353338968723585
COL7A1,0.6738733252131547,0.5885638297872341,3.023224043715847,0.6898379052369078,1.6368343195266273
COL9A1,0.7701409431007482,0.672644376899696,3.4551131928181102,0.7883861774136088,0.9353338968723585
COPA,0.8984977669508729,0.7847517730496454,2.0154826958105643,0.9197838736492103,1.0912228796844181
CPA6,0.44924888347543646,0.7847517730496454,2.0154826958105643,1.8395677472984207,1.0912228796844181
CPAMD8,0.8984977669508729,0.7847517730496454,2.0154826958105643,0.9197838736492103,1.0912228796844181
CPSF1,0.3850704715503741,0.672644376899696,1.7275565964090551,1.5767723548272177,1.870667793744717
CPT2,0.8984977669508729,0.7847517730496454,2.0154826958105643,0.9197838736492103,1.0912228796844181
CPZ,1.010809987819732,0.5885638297872341,1.5116120218579234,0.6898379052369078,1.6368343195266273
CRB1,0.8720713620405531,1.3848560700876096,0.7113468338154934,1.2985184098577087,0.5777062304211626
CREB3,0.3850704715503741,0.672644376899696,1.7275565964090551,0.7883861774136088,2.8060016906170753
CREB3L3,0.44924888347543646,0.7847517730496454,2.0154826958105643,0.9197838736492103,2.1824457593688362
CRX,0.8984977669508729,0.7847517730496454,2.0154826958105643,1.3796758104738156,0.5456114398422091
CRYAA,0.44924888347543646,0.7847517730496454,4.0309653916211285,0.9197838736492103,1.0912228796844181
CRYBB1,0.8984977669508729,0.7847517730496454,2.0154826958105643,0.9197838736492103,1.0912228796844181
CRYBB2,0.44924888347543646,0.7847517730496454,2.0154826958105643,0.9197838736492103,2.1824457593688362
CTNNA1,0.44924888347543646,0.7847517730496454,2.0154826958105643,0.9197838736492103,2.1824457593688362
CTNND2,0.44924888347543646,0.7847517730496454,4.0309653916211285,0.9197838736492103,1.0912228796844181
CUBN,0.8984977669508729,0.7847517730496454,2.0154826958105643,0.9197838736492103,1.0912228796844181
CYBA,0.8984977669508729,0.7847517730496454,2.0154826958105643,0.9197838736492103,1.0912228796844181
CYFIP1,0.8984977669508729,0.7847517730496454,2.0154826958105643,0.9197838736492103,1.0912228796844181
CYFIP2,0.8984977669508729,0.7847517730496454,2.0154826958105643,0.9197838736492103,1.0912228796844181
CYP11B1,0.44924888347543646,0.7847517730496454,2.0154826958105643,0.9197838736492103,2.1824457593688362
CYP21A2,0.44924888347543646,0.7847517730496454,2.0154826958105643,0.9197838736492103,2.1824457593688362
CYP4V2,0.8984977669508729,0.7847517730496454,2.0154826958105643,0.9197838736492103,1.0912228796844181
DAXX,1.1552114146511223,0.672644376899696,1.7275565964090551,0.7883861774136088,0.9353338968723585
DDX41,0.3850704715503741,1.345288753799392,1.7275565964090551,1.5767723548272177,0.9353338968723585
DDX58,0.8984977669508729,0.7847517730496454,2.0154826958105643,0.9197838736492103,1.0912228796844181
DHCR7,0.7701409431007482,0.672644376899696,3.4551131928181102,0.7883861774136088,0.9353338968723585
DHDDS,0.2695493300852619,2.3542553191489364,2.4185792349726776,0.5518703241895262,0.654733727810651
DIAPH2,0.8984977669508729,0.7847517730496454,2.0154826958105643,0.9197838736492103,1.0912228796844181
DLC1,0.8984977669508729,0.7847517730496454,2.0154826958105643,0.9197838736492103,1.0912228796844181
DLG5,1.3477466504263094,0.5885638297872341,1.5116120218579234,0.6898379052369078,0.8184171597633136
DMD,0.44924888347543646,0.7847517730496454,2.0154826958105643,1.8395677472984207,1.0912228796844181
DMXL2,0.8984977669508729,0.7847517730496454,2.0154826958105643,0.9197838736492103,1.0912228796844181
DNM1,0.8984977669508729,0.7847517730496454,2.0154826958105643,0.9197838736492103,1.0912228796844181
DNMT3A,0.6738733252131547,1.7656914893617022,1.5116120218579234,0.6898379052369078,0.8184171597633136
DPAGT1,0.44924888347543646,0.7847517730496454,2.0154826958105643,0.9197838736492103,2.1824457593688362
DSC2,0.44924888347543646,0.7847517730496454,4.0309653916211285,0.9197838736492103,1.0912228796844181
DSPP,0.5390986601705238,0.9417021276595745,2.4185792349726776,0.5518703241895262,1.9642011834319528
DYNC2H1,0.8984977669508729,0.7847517730496454,2.0154826958105643,0.9197838736492103,1.0912228796844181
DYRK1A,0.8984977669508729,0.7847517730496454,2.0154826958105643,0.9197838736492103,1.0912228796844181
EFEMP1,0.44924888347543646,1.5695035460992908,2.0154826958105643,0.9197838736492103,1.0912228796844181
EFHC1,0.44924888347543646,1.5695035460992908,2.0154826958105643,0.9197838736492103,1.0912228796844181
EHMT1,0.44924888347543646,0.7847517730496454,4.0309653916211285,0.9197838736492103,1.0912228796844181
EIF4G1,0.7701409431007482,0.672644376899696,3.4551131928181102,0.7883861774136088,0.9353338968723585
EP300,0.7701409431007482,0.672644376899696,3.4551131928181102,0.7883861774136088,0.9353338968723585
EP400,0.44924888347543646,0.7847517730496454,2.0154826958105643,1.8395677472984207,1.0912228796844181
EPCAM,0.44924888347543646,0.7847517730496454,4.0309653916211285,0.9197838736492103,1.0912228796844181
EPG5,0.8984977669508729,0.7847517730496454,2.0154826958105643,0.9197838736492103,1.0912228796844181
EPHA2,0.44924888347543646,1.5695035460992908,2.0154826958105643,0.9197838736492103,1.0912228796844181
EPOR,0.44924888347543646,0.7847517730496454,2.0154826958105643,1.8395677472984207,1.0912228796844181
ETV4,0.44924888347543646,0.7847517730496454,2.0154826958105643,1.8395677472984207,1.0912228796844181
EVC2,0.3850704715503741,2.017933130699088,1.7275565964090551,0.7883861774136088,0.9353338968723585
EYS,0.7031721654398135,1.3306660499537464,1.3144452363981942,0.47988723842567493,1.7080010290712633
F12,0.44924888347543646,1.5695035460992908,2.0154826958105643,0.9197838736492103,1.0912228796844181
F13A1,0.44924888347543646,1.5695035460992908,2.0154826958105643,0.9197838736492103,1.0912228796844181
F2,0.3850704715503741,1.345288753799392,1.7275565964090551,1.5767723548272177,0.9353338968723585
F5,0.3850704715503741,0.672644376899696,3.4551131928181102,1.5767723548272177,0.9353338968723585
F8,1.1552114146511223,0.672644376899696,1.7275565964090551,0.7883861774136088,0.9353338968723585
FAAH2,0.3850704715503741,0.672644376899696,1.7275565964090551,2.3651585322408266,0.9353338968723585
FAM161A,0.08695139680169738,0.9113246396705559,1.1702802749867793,0.8901134261121391,3.379270853216263
FARS2,1.1552114146511223,0.672644376899696,1.7275565964090551,0.7883861774136088,0.9353338968723585
FAT1,0.44924888347543646,0.7847517730496454,4.0309653916211285,0.9197838736492103,1.0912228796844181
FBLN1,0.44924888347543646,0.7847517730496454,2.0154826958105643,1.8395677472984207,1.0912228796844181
FBN1,0.44924888347543646,0.7847517730496454,2.0154826958105643,1.8395677472984207,1.0912228796844181
FBN2,0.3850704715503741,0.672644376899696,1.7275565964090551,0.7883861774136088,2.8060016906170753
FBXL4,0.8984977669508729,0.7847517730496454,2.0154826958105643,0.9197838736492103,1.0912228796844181
FGFR3,0.8984977669508729,0.7847517730496454,2.0154826958105643,0.9197838736492103,1.0912228796844181
FLG,0.44924888347543646,1.1771276595744682,4.0309653916211285,0.9197838736492103,0.5456114398422091
FLVCR1,0.44924888347543646,0.7847517730496454,2.0154826958105643,0.9197838736492103,2.1824457593688362
FMNL2,0.8984977669508729,0.7847517730496454,2.0154826958105643,0.9197838736492103,1.0912228796844181
FOXC1,0.44924888347543646,1.5695035460992908,2.0154826958105643,0.9197838736492103,1.0912228796844181
FREM1,0.7701409431007482,0.672644376899696,3.4551131928181102,0.7883861774136088,0.9353338968723585
FSIP2,1.1552114146511223,0.672644376899696,1.7275565964090551,0.7883861774136088,0.9353338968723585
FTX,0.44924888347543646,0.7847517730496454,2.0154826958105643,1.8395677472984207,1.0912228796844181
FXR2,1.1552114146511223,0.672644376899696,1.7275565964090551,0.7883861774136088,0.9353338968723585
FZD4,0.7701409431007482,0.672644376899696,1.7275565964090551,0.7883861774136088,1.870667793744717
G6PD,0.6738733252131547,0.5885638297872341,3.023224043715847,1.3796758104738156,0.8184171597633136
GABRB3,0.44924888347543646,0.7847517730496454,2.0154826958105643,0.9197838736492103,2.1824457593688362
GANAB,0.8984977669508729,0.7847517730496454,2.0154826958105643,0.9197838736492103,1.0912228796844181
GATA4,0.44924888347543646,0.7847517730496454,2.0154826958105643,1.8395677472984207,1.0912228796844181
GATA5,0.44924888347543646,1.5695035460992908,2.0154826958105643,0.9197838736492103,1.0912228796844181
GATM,0.8984977669508729,0.7847517730496454,2.0154826958105643,0.9197838736492103,1.0912228796844181
GBA,0.29949925565029095,2.6158392434988182,1.3436551305403763,0.6131892490994736,0.7274819197896121
GBE1,0.44924888347543646,1.5695035460992908,2.0154826958105643,0.9197838736492103,1.0912228796844181
GCH1,0.44924888347543646,1.5695035460992908,2.0154826958105643,0.9197838736492103,1.0912228796844181
GCNT2,0.44924888347543646,0.7847517730496454,2.0154826958105643,1.8395677472984207,1.0912228796844181
GDF1,0.3850704715503741,2.017933130699088,1.7275565964090551,0.7883861774136088,0.9353338968723585
GFAP,0.8984977669508729,0.7847517730496454,2.0154826958105643,0.9197838736492103,1.0912228796844181
GHR,0.44924888347543646,0.7847517730496454,4.0309653916211285,0.9197838736492103,1.0912228796844181
GJA8,1.1552114146511223,0.672644376899696,1.7275565964090551,0.7883861774136088,0.9353338968723585
GJB2,0.5776057073255612,2.017933130699088,0.8637782982045276,0.7883861774136088,0.9353338968723585
GJC2,0.6738733252131547,0.5885638297872341,1.5116120218579234,1.3796758104738156,1.6368343195266273
GLI3,1.1552114146511223,0.672644376899696,1.7275565964090551,0.7883861774136088,0.9353338968723585
GNA11,0.8984977669508729,0.7847517730496454,2.0154826958105643,0.9197838736492103,1.0912228796844181
GNAQ,0.44924888347543646,0.7847517730496454,2.0154826958105643,0.9197838736492103,2.1824457593688362
GNAT1,0.29949925565029095,0.5231678486997635,1.3436551305403763,0.6131892490994736,3.637409598948061
GNAT2,0.8984977669508729,0.7847517730496454,2.0154826958105643,0.9197838736492103,1.0912228796844181
GNB1,0.44924888347543646,1.5695035460992908,2.0154826958105643,0.9197838736492103,1.0912228796844181
GNB3,0.3850704715503741,0.672644376899696,1.7275565964090551,1.5767723548272177,1.870667793744717
GNE,0.7701409431007482,0.672644376899696,1.7275565964090551,1.5767723548272177,0.9353338968723585
GNPTG,0.8984977669508729,0.7847517730496454,2.0154826958105643,0.9197838736492103,1.0912228796844181
GPR179,0.3850704715503741,0.672644376899696,5.182669789227165,0.7883861774136088,0.9353338968723585
GREB1L,0.44924888347543646,0.7847517730496454,2.0154826958105643,1.8395677472984207,1.0912228796844181
GRIA1,0.44924888347543646,1.5695035460992908,2.0154826958105643,0.9197838736492103,1.0912228796844181
GRM6,0.8984977669508729,0.7847517730496454,2.0154826958105643,0.9197838736492103,1.0912228796844181
GUCA1A,0.7701409431007482,0.672644376899696,1.7275565964090551,1.5767723548272177,0.9353338968723585
GUCA1B,0.8984977669508729,0.7847517730496454,2.0154826958105643,0.9197838736492103,1.0912228796844181
GUCY2D,0.7187982135606983,0.9417021276595745,1.6123861566484516,0.9197838736492103,1.5277120315581856
HADHB,0.6738733252131547,0.5885638297872341,1.5116120218579234,0.6898379052369078,2.455251479289941
HARS,0.8984977669508729,0.7847517730496454,2.0154826958105643,0.9197838736492103,1.0912228796844181
HBA1,0.44924888347543646,0.7847517730496454,2.0154826958105643,0.9197838736492103,2.1824457593688362
HBA2,0.8984977669508729,0.7847517730496454,2.0154826958105643,0.9197838736492103,1.0912228796844181
HBB,0.44924888347543646,1.5695035460992908,2.0154826958105643,0.9197838736492103,1.0912228796844181
HDAC6,1.3477466504263094,0.5885638297872341,1.5116120218579234,0.6898379052369078,0.8184171597633136
HESX1,0.44924888347543646,1.5695035460992908,2.0154826958105643,0.9197838736492103,1.0912228796844181
HGD,0.44924888347543646,0.7847517730496454,4.0309653916211285,0.9197838736492103,1.0912228796844181
HGSNAT,0.5390986601705238,2.3542553191489364,1.2092896174863388,0.5518703241895262,0.654733727810651
HK1,0.44924888347543646,1.5695035460992908,2.0154826958105643,0.9197838736492103,1.0912228796844181
HKDC1,0.7701409431007482,1.345288753799392,1.7275565964090551,0.7883861774136088,0.9353338968723585
HLA-DQA1,0.8984977669508729,0.7847517730496454,2.0154826958105643,0.9197838736492103,1.0912228796844181
HLA-DQB1,0.7701409431007482,1.345288753799392,1.7275565964090551,0.7883861774136088,0.9353338968723585
HLA-DRB1,0.44924888347543646,1.5695035460992908,2.0154826958105643,0.9197838736492103,1.0912228796844181
HMBS,1.1552114146511223,0.672644376899696,1.7275565964090551,0.7883861774136088,0.9353338968723585
HMCN1,0.44924888347543646,0.3923758865248227,1.0077413479052821,1.8395677472984207,2.1824457593688362
HMMR,0.44924888347543646,0.7847517730496454,2.0154826958105643,0.9197838736492103,2.1824457593688362
HNF1A,0.8984977669508729,0.7847517730496454,2.0154826958105643,0.9197838736492103,1.0912228796844181
HNRNPK,0.8984977669508729,0.7847517730496454,2.0154826958105643,0.9197838736492103,1.0912228796844181
HOXD10,0.44924888347543646,0.7847517730496454,2.0154826958105643,1.8395677472984207,1.0912228796844181
HRG,0.44924888347543646,0.7847517730496454,2.0154826958105643,1.8395677472984207,1.0912228796844181
HS6ST1,0.44924888347543646,1.5695035460992908,2.0154826958105643,0.9197838736492103,1.0912228796844181
HSF4,0.8984977669508729,0.7847517730496454,2.0154826958105643,0.9197838736492103,1.0912228796844181
HTT,1.3477466504263094,0.3923758865248227,2.0154826958105643,0.45989193682460516,1.0912228796844181
IDH3A,0.33693666260657734,1.1771276595744682,3.023224043715847,0.6898379052369078,1.6368343195266273
IDH3B,0.8984977669508729,0.7847517730496454,2.0154826958105643,0.9197838736492103,1.0912228796844181
IFIH1,0.8984977669508729,0.7847517730496454,2.0154826958105643,0.9197838736492103,1.0912228796844181
IFT122,0.44924888347543646,0.7847517730496454,4.0309653916211285,0.9197838736492103,1.0912228796844181
IFT140,0.8293825541084981,1.0865793780687398,0.930222782681799,1.2735469019758299,1.0072826581702323
IFT81,0.44924888347543646,1.5695035460992908,2.0154826958105643,0.9197838736492103,1.0912228796844181
IFT88,0.44924888347543646,0.7847517730496454,2.0154826958105643,1.8395677472984207,1.0912228796844181
IGF2R,0.44924888347543646,1.5695035460992908,2.0154826958105643,0.9197838736492103,1.0912228796844181
ILKAP,0.8984977669508729,0.7847517730496454,2.0154826958105643,0.9197838736492103,1.0912228796844181
IMPDH1,0.19253523577518705,1.008966565349544,0.8637782982045276,2.759351620947631,0.9353338968723585
IMPG1,1.3477466504263094,0.3923758865248227,1.0077413479052821,0.9197838736492103,1.0912228796844181
IMPG2,0.6738733252131547,1.1771276595744682,1.5116120218579234,1.3796758104738156,0.8184171597633136
INF2,0.8984977669508729,0.7847517730496454,2.0154826958105643,0.9197838736492103,1.0912228796844181
INPP5E,1.1552114146511223,0.672644376899696,1.7275565964090551,0.7883861774136088,0.9353338968723585
IQCB1,0.33693666260657734,2.3542553191489364,1.5116120218579234,0.6898379052369078,0.8184171597633136
IQGAP3,0.7701409431007482,0.672644376899696,1.7275565964090551,1.5767723548272177,0.9353338968723585
IRF2BPL,0.3850704715503741,0.672644376899696,1.7275565964090551,2.3651585322408266,0.9353338968723585
ITM2B,0.33693666260657734,1.7656914893617022,1.5116120218579234,1.3796758104738156,0.8184171597633136
JAG1,0.7701409431007482,1.345288753799392,1.7275565964090551,0.7883861774136088,0.9353338968723585
JPH3,0.8984977669508729,0.7847517730496454,2.0154826958105643,0.9197838736492103,1.0912228796844181
KANSL1,0.7701409431007482,0.672644376899696,3.4551131928181102,0.7883861774136088,0.9353338968723585
KCNAB2,0.44924888347543646,0.7847517730496454,2.0154826958105643,0.9197838736492103,2.1824457593688362
KCNH2,0.6738733252131547,0.5885638297872341,1.5116120218579234,1.3796758104738156,1.6368343195266273
KCNJ13,0.8984977669508729,0.7847517730496454,2.0154826958105643,0.9197838736492103,1.0912228796844181
KCNK18,0.8984977669508729,0.7847517730496454,2.0154826958105643,0.9197838736492103,1.0912228796844181
KCNK7,0.44924888347543646,1.5695035460992908,2.0154826958105643,0.9197838736492103,1.0912228796844181
KCNMA1,0.8984977669508729,0.7847517730496454,2.0154826958105643,0.9197838736492103,1.0912228796844181
KCNN2,0.8984977669508729,0.7847517730496454,2.0154826958105643,0.9197838736492103,1.0912228796844181
KCNQ5,1.1552114146511223,0.672644376899696,1.7275565964090551,0.7883861774136088,0.9353338968723585
KCNT1,0.8984977669508729,0.7847517730496454,2.0154826958105643,0.9197838736492103,1.0912228796844181
KCNV2,1.010809987819732,0.5885638297872341,1.5116120218579234,0.6898379052369078,1.6368343195266273
KDM4B,0.8984977669508729,0.7847517730496454,2.0154826958105643,0.9197838736492103,1.0912228796844181
KDM5B,0.44924888347543646,0.7847517730496454,2.0154826958105643,1.8395677472984207,1.0912228796844181
KDM6A,0.44924888347543646,1.5695035460992908,2.0154826958105643,0.9197838736492103,1.0912228796844181
KDM6B,0.8984977669508729,0.7847517730496454,2.0154826958105643,0.9197838736492103,1.0912228796844181
KHDC4,0.8984977669508729,0.7847517730496454,2.0154826958105643,0.9197838736492103,1.0912228796844181
KIAA0556,0.8984977669508729,0.7847517730496454,2.0154826958105643,0.9197838736492103,1.0912228796844181
KIAA0586,0.44924888347543646,1.5695035460992908,2.0154826958105643,0.9197838736492103,1.0912228796844181
KIAA1549,0.8984977669508729,0.7847517730496454,2.0154826958105643,0.9197838736492103,1.0912228796844181
KIF11,0.33693666260657734,0.5885638297872341,3.023224043715847,1.3796758104738156,1.6368343195266273
KIF3B,0.6738733252131547,0.5885638297872341,1.5116120218579234,2.0695137157107233,0.8184171597633136
KIF5A,0.44924888347543646,0.7847517730496454,2.0154826958105643,1.8395677472984207,1.0912228796844181
KIZ,0.28373613693185457,2.4781634938409853,0.636468219729652,0.580916130725817,1.378386795390844
KLHL3,0.8984977669508729,0.7847517730496454,2.0154826958105643,0.9197838736492103,1.0912228796844181
KLHL7,0.44924888347543646,0.7847517730496454,2.0154826958105643,0.9197838736492103,2.1824457593688362
KLLN,0.44924888347543646,0.7847517730496454,4.0309653916211285,0.9197838736492103,1.0912228796844181
KMT2A,0.7701409431007482,0.672644376899696,3.4551131928181102,0.7883861774136088,0.9353338968723585
KMT2B,0.44924888347543646,0.7847517730496454,4.0309653916211285,0.9197838736492103,1.0912228796844181
KMT2C,1.010809987819732,0.5885638297872341,3.023224043715847,0.6898379052369078,0.8184171597633136
KMT2D,1.1552114146511223,0.672644376899696,1.7275565964090551,0.7883861774136088,0.9353338968723585
KRT14,0.8984977669508729,0.7847517730496454,2.0154826958105643,0.9197838736492103,1.0912228796844181
LAMA1,1.3477466504263094,0.5885638297872341,1.5116120218579234,0.6898379052369078,0.8184171597633136
LAMA2,0.8984977669508729,0.7847517730496454,2.0154826958105643,0.9197838736492103,1.0912228796844181
LCA5,0.44924888347543646,0.7847517730496454,4.0309653916211285,0.9197838736492103,1.0912228796844181
LDLR,0.44924888347543646,1.5695035460992908,2.0154826958105643,0.9197838736492103,1.0912228796844181
LETM1,0.8984977669508729,0.7847517730496454,2.0154826958105643,0.9197838736492103,1.0912228796844181
LMNA,0.3850704715503741,0.672644376899696,1.7275565964090551,1.5767723548272177,1.870667793744717
LMNB1,0.44924888347543646,1.5695035460992908,2.0154826958105643,0.9197838736492103,1.0912228796844181
LMOD1,0.8984977669508729,0.7847517730496454,2.0154826958105643,0.9197838736492103,1.0912228796844181
LOXHD1,0.3850704715503741,1.345288753799392,1.7275565964090551,0.7883861774136088,1.870667793744717
LPA,1.1552114146511223,0.672644376899696,1.7275565964090551,0.7883861774136088,0.9353338968723585
LPL,1.1979970226011638,0.5231678486997635,1.3436551305403763,0.6131892490994736,1.4549638395792241
LRAT,0.44924888347543646,0.7847517730496454,2.0154826958105643,1.8395677472984207,1.0912228796844181
LRIT3,0.44924888347543646,0.7847517730496454,4.0309653916211285,0.9197838736492103,1.0912228796844181
LRMDA,0.44924888347543646,0.7847517730496454,2.0154826958105643,1.8395677472984207,1.0912228796844181
LRP1,0.8984977669508729,0.7847517730496454,2.0154826958105643,0.9197838736492103,1.0912228796844181
LRP2,0.5390986601705238,0.47085106382978725,1.2092896174863388,1.6556109725685786,1.9642011834319528
LRP4,0.8984977669508729,0.7847517730496454,2.0154826958105643,0.9197838736492103,1.0912228796844181
LRP5,0.6220369155813736,0.7243862520458265,2.790668348045397,0.8490312679838865,1.5109239872553484
LRPAP1,0.8984977669508729,0.7847517730496454,2.0154826958105643,0.9197838736492103,1.0912228796844181
LRRK2,0.44924888347543646,1.5695035460992908,2.0154826958105643,0.9197838736492103,1.0912228796844181
LTBP2,0.8984977669508729,0.7847517730496454,2.0154826958105643,0.9197838736492103,1.0912228796844181
LYST,0.8984977669508729,0.7847517730496454,2.0154826958105643,0.9197838736492103,1.0912228796844181
LZTR1,1.1552114146511223,0.672644376899696,1.7275565964090551,0.7883861774136088,0.9353338968723585
MAB21L1,0.44924888347543646,1.5695035460992908,2.0154826958105643,0.9197838736492103,1.0912228796844181
MACF1,0.44924888347543646,0.7847517730496454,4.0309653916211285,0.9197838736492103,1.0912228796844181
MAGEL2,0.44924888347543646,1.5695035460992908,2.0154826958105643,0.9197838736492103,1.0912228796844181
MAK,1.3477466504263094,0.5885638297872341,1.5116120218579234,0.6898379052369078,0.8184171597633136
MAP3K6,0.8984977669508729,0.7847517730496454,2.0154826958105643,0.9197838736492103,1.0912228796844181
MAPT,0.44924888347543646,0.7847517730496454,2.0154826958105643,0.9197838736492103,2.1824457593688362
MAST3,1.1552114146511223,0.672644376899696,1.7275565964090551,0.7883861774136088,0.9353338968723585
MAT1A,0.8984977669508729,0.7847517730496454,2.0154826958105643,0.9197838736492103,1.0912228796844181
MC4R,0.44924888347543646,0.7847517730496454,2.0154826958105643,0.9197838736492103,2.1824457593688362
MCM9,0.44924888347543646,0.7847517730496454,4.0309653916211285,0.9197838736492103,1.0912228796844181
MCOLN1,0.44924888347543646,0.7847517730496454,2.0154826958105643,1.8395677472984207,1.0912228796844181
MECP2,0.44924888347543646,1.5695035460992908,2.0154826958105643,0.9197838736492103,1.0912228796844181
MED12,0.7701409431007482,0.672644376899696,1.7275565964090551,1.5767723548272177,0.9353338968723585
MEFV,1.010809987819732,0.5885638297872341,1.5116120218579234,1.0347568578553616,1.2276257396449706
MERTK,0.6738733252131547,0.5885638297872341,3.023224043715847,0.6898379052369078,1.6368343195266273
MFRP,0.6738733252131547,1.1771276595744682,1.5116120218579234,1.3796758104738156,0.8184171597633136
MGAM,0.44924888347543646,0.7847517730496454,2.0154826958105643,0.9197838736492103,2.1824457593688362
MIB1,0.44924888347543646,0.7847517730496454,2.0154826958105643,1.8395677472984207,1.0912228796844181
MKKS,0.8984977669508729,0.7847517730496454,2.0154826958105643,0.9197838736492103,1.0912228796844181
MMACHC,0.8984977669508729,0.7847517730496454,2.0154826958105643,0.9197838736492103,1.0912228796844181
MN1,0.7701409431007482,0.672644376899696,1.7275565964090551,1.5767723548272177,0.9353338968723585
MORC2,0.8984977669508729,0.7847517730496454,2.0154826958105643,0.9197838736492103,1.0912228796844181
MORC3,0.8984977669508729,0.7847517730496454,2.0154826958105643,0.9197838736492103,1.0912228796844181
MPL,0.8984977669508729,0.7847517730496454,2.0154826958105643,0.9197838736492103,1.0912228796844181
MPO,0.3850704715503741,1.345288753799392,3.4551131928181102,0.7883861774136088,0.9353338968723585
MRNIP,0.8984977669508729,0.7847517730496454,2.0154826958105643,0.9197838736492103,1.0912228796844181
MSH6,0.44924888347543646,0.7847517730496454,4.0309653916211285,0.9197838736492103,1.0912228796844181
MT-ATP6,0.8984977669508729,0.7847517730496454,2.0154826958105643,0.9197838736492103,1.0912228796844181
MT-TL1,0.44924888347543646,1.5695035460992908,2.0154826958105643,0.9197838736492103,1.0912228796844181
MTHFR,0.8984977669508729,0.7847517730496454,2.0154826958105643,0.9197838736492103,1.0912228796844181
MUC12,0.44924888347543646,0.7847517730496454,4.0309653916211285,0.9197838736492103,1.0912228796844181
MUC4,0.8984977669508729,1.046335697399527,1.3436551305403763,1.2263784981989472,0.7274819197896121
MUC5B,0.44924888347543646,0.7847517730496454,2.0154826958105643,0.9197838736492103,2.1824457593688362
MUTYH,0.8086479902557856,0.47085106382978725,1.2092896174863388,1.1037406483790524,1.9642011834319528
MVK,0.4900896910641125,0.428046421663443,1.0993541977148533,1.0034005894355023,2.9760623991393222
MYH2,0.8984977669508729,0.7847517730496454,2.0154826958105643,0.9197838736492103,1.0912228796844181
MYH7,0.44924888347543646,0.7847517730496454,2.0154826958105643,1.8395677472984207,1.0912228796844181
MYH8,0.44924888347543646,0.7847517730496454,2.0154826958105643,0.9197838736492103,2.1824457593688362
MYL2,0.44924888347543646,1.5695035460992908,2.0154826958105643,0.9197838736492103,1.0912228796844181
MYLK,1.1552114146511223,0.672644376899696,1.7275565964090551,0.7883861774136088,0.9353338968723585
MYO1C,0.44924888347543646,0.7847517730496454,4.0309653916211285,0.9197838736492103,1.0912228796844181
MYO3A,0.3850704715503741,0.672644376899696,1.7275565964090551,1.5767723548272177,1.870667793744717
MYO5C,0.44924888347543646,0.7847517730496454,4.0309653916211285,0.9197838736492103,1.0912228796844181
MYO6,0.44924888347543646,0.7847517730496454,2.0154826958105643,1.8395677472984207,1.0912228796844181
MYO7A,1.1979970226011638,0.5231678486997635,1.3436551305403763,0.9197838736492103,1.0912228796844181
MYO9B,0.8984977669508729,0.7847517730496454,2.0154826958105643,0.9197838736492103,1.0912228796844181
MYOM1,0.44924888347543646,0.7847517730496454,2.0154826958105643,0.9197838736492103,2.1824457593688362
MYORG,0.3850704715503741,0.672644376899696,1.7275565964090551,0.7883861774136088,2.8060016906170753
MYSM1,0.44924888347543646,0.7847517730496454,2.0154826958105643,1.8395677472984207,1.0912228796844181
NAGLU,0.44924888347543646,0.7847517730496454,4.0309653916211285,0.9197838736492103,1.0912228796844181
NAV3,0.44924888347543646,0.7847517730496454,2.0154826958105643,0.9197838736492103,2.1824457593688362
NAXE,0.8984977669508729,0.7847517730496454,2.0154826958105643,0.9197838736492103,1.0912228796844181
NCOA3,0.44924888347543646,0.7847517730496454,2.0154826958105643,1.8395677472984207,1.0912228796844181
NCOR1,0.44924888347543646,1.5695035460992908,2.0154826958105643,0.9197838736492103,1.0912228796844181
NEDD4L,0.8984977669508729,0.7847517730496454,2.0154826958105643,0.9197838736492103,1.0912228796844181
NEFH,0.8984977669508729,0.7847517730496454,2.0154826958105643,0.9197838736492103,1.0912228796844181
NEK1,1.1552114146511223,0.672644376899696,1.7275565964090551,0.7883861774136088,0.9353338968723585
NEK2,0.3850704715503741,0.672644376899696,1.7275565964090551,1.5767723548272177,1.870667793744717
NEURL4,1.1552114146511223,0.672644376899696,1.7275565964090551,0.7883861774136088,0.9353338968723585
NF1,1.1552114146511223,0.672644376899696,1.7275565964090551,0.7883861774136088,0.9353338968723585
NHEJ1,0.44924888347543646,0.7847517730496454,2.0154826958105643,1.8395677472984207,1.0912228796844181
NID2,0.44924888347543646,0.7847517730496454,2.0154826958105643,1.8395677472984207,1.0912228796844181
NIN,1.1552114146511223,0.672644376899696,1.7275565964090551,0.7883861774136088,0.9353338968723585
NIPBL,1.1552114146511223,0.672644376899696,1.7275565964090551,0.7883861774136088,0.9353338968723585
NISCH,1.1552114146511223,0.672644376899696,1.7275565964090551,0.7883861774136088,0.9353338968723585
NLGN4Y,0.8984977669508729,0.7847517730496454,2.0154826958105643,0.9197838736492103,1.0912228796844181
NLRP12,0.8984977669508729,0.7847517730496454,2.0154826958105643,0.9197838736492103,1.0912228796844181
NMNAT1,0.33693666260657734,0.5885638297872341,1.5116120218579234,2.759351620947631,0.8184171597633136
NOD2,0.44924888347543646,0.7847517730496454,2.0154826958105643,1.8395677472984207,1.0912228796844181
NOTCH3,0.29949925565029095,1.5695035460992908,1.3436551305403763,1.8395677472984207,0.7274819197896121
NOTCH4,0.44924888347543646,0.7847517730496454,2.0154826958105643,0.9197838736492103,2.1824457593688362
NPHP3,0.44924888347543646,0.7847517730496454,2.0154826958105643,1.8395677472984207,1.0912228796844181
NPHP4,0.8984977669508729,0.7847517730496454,2.0154826958105643,0.9197838736492103,1.0912228796844181
NPHS2,0.8984977669508729,0.7847517730496454,2.0154826958105643,0.9197838736492103,1.0912228796844181
NR2E3,0.6086597776118816,1.8226492793411118,1.5603736999823725,0.3560453704448556,1.2672265699560985
NR2F1,1.1552114146511223,0.672644376899696,1.7275565964090551,0.7883861774136088,0.9353338968723585
NRL,0.29949925565029095,1.5695035460992908,1.3436551305403763,1.2263784981989472,1.4549638395792241
NRP2,1.1552114146511223,0.672644376899696,1.7275565964090551,0.7883861774136088,0.9353338968723585
NRXN2,0.8984977669508729,0.7847517730496454,2.0154826958105643,0.9197838736492103,1.0912228796844181
NSUN2,0.8984977669508729,0.7847517730496454,2.0154826958105643,0.9197838736492103,1.0912228796844181
NUBPL,0.8984977669508729,0.7847517730496454,2.0154826958105643,0.9197838736492103,1.0912228796844181
NUTM2E,0.8984977669508729,0.7847517730496454,2.0154826958105643,0.9197838736492103,1.0912228796844181
NXNL1,1.1552114146511223,0.672644376899696,1.7275565964090551,0.7883861774136088,0.9353338968723585
OAT,0.3850704715503741,1.345288753799392,1.7275565964090551,1.5767723548272177,0.9353338968723585
OBSCN,0.44924888347543646,0.7847517730496454,4.0309653916211285,0.9197838736492103,1.0912228796844181
OFD1,0.7701409431007482,0.672644376899696,1.7275565964090551,1.5767723548272177,0.9353338968723585
OPA3,0.44924888347543646,0.7847517730496454,2.0154826958105643,1.8395677472984207,1.0912228796844181
OPLAH,0.44924888347543646,0.7847517730496454,4.0309653916211285,0.9197838736492103,1.0912228796844181
OPN1LW,0.44924888347543646,0.7847517730496454,2.0154826958105643,1.8395677472984207,1.0912228796844181
OPN1MW,0.3850704715503741,1.345288753799392,1.7275565964090551,1.5767723548272177,0.9353338968723585
OPN1SW,0.980179382128225,0.428046421663443,1.0993541977148533,1.5051008841532532,1.190424959655729
OPTN,0.8984977669508729,0.7847517730496454,2.0154826958105643,0.9197838736492103,1.0912228796844181
OTC,0.44924888347543646,0.7847517730496454,2.0154826958105643,0.9197838736492103,2.1824457593688362
OTUD5,0.8984977669508729,0.7847517730496454,2.0154826958105643,0.9197838736492103,1.0912228796844181
OTX2,0.8984977669508729,0.7847517730496454,2.0154826958105643,0.9197838736492103,1.0912228796844181
P2RX5,0.8984977669508729,0.7847517730496454,2.0154826958105643,0.9197838736492103,1.0912228796844181
P3H2,0.8984977669508729,0.7847517730496454,2.0154826958105643,0.9197838736492103,1.0912228796844181
PABPC1,0.8984977669508729,0.7847517730496454,2.0154826958105643,0.9197838736492103,1.0912228796844181
PAH,0.8984977669508729,0.7847517730496454,2.0154826958105643,0.9197838736492103,1.0912228796844181
PALLD,0.44924888347543646,1.5695035460992908,2.0154826958105643,0.9197838736492103,1.0912228796844181
PALM,0.44924888347543646,0.7847517730496454,2.0154826958105643,1.8395677472984207,1.0912228796844181
PANK2,0.44924888347543646,1.5695035460992908,2.0154826958105643,0.9197838736492103,1.0912228796844181
PAX6,1.0781973203410475,0.47085106382978725,1.2092896174863388,1.6556109725685786,0.654733727810651
PCARE,0.7351345365961687,0.6420696324951644,2.1987083954297066,1.2542507367943778,1.190424959655729
PCDH15,0.29949925565029095,2.092671394799054,1.3436551305403763,1.2263784981989472,0.7274819197896121
PCDHA8,0.3850704715503741,1.345288753799392,1.7275565964090551,1.5767723548272177,0.9353338968723585
PCDHAC1,0.8984977669508729,0.7847517730496454,2.0154826958105643,0.9197838736492103,1.0912228796844181
PCDHB4,0.44924888347543646,0.7847517730496454,2.0154826958105643,1.8395677472984207,1.0912228796844181
PCGF2,0.8984977669508729,0.7847517730496454,2.0154826958105643,0.9197838736492103,1.0912228796844181
PCLO,0.8984977669508729,0.7847517730496454,2.0154826958105643,0.9197838736492103,1.0912228796844181
PCSK9,0.44924888347543646,0.7847517730496454,2.0154826958105643,1.8395677472984207,1.0912228796844181
PDE11A,0.8086479902557856,0.9417021276595745,2.4185792349726776,1.1037406483790524,0.654733727810651
PDE1C,0.44924888347543646,0.7847517730496454,4.0309653916211285,0.9197838736492103,1.0912228796844181
PDE6A,1.2252242276602812,0.428046421663443,1.0993541977148533,1.5051008841532532,0.5952124798278645
PDE6B,1.4270258651572687,0.5539424280350438,0.7113468338154934,0.9738888073932817,0.7702749738948834
PDE6C,0.6738733252131547,0.5885638297872341,1.5116120218579234,0.6898379052369078,2.455251479289941
PDE6G,1.497496278251455,0.5231678486997635,1.3436551305403763,0.6131892490994736,0.7274819197896121
PDE6H,0.7701409431007482,0.672644376899696,1.7275565964090551,0.7883861774136088,1.870667793744717
PDZD2,0.8984977669508729,0.7847517730496454,2.0154826958105643,0.9197838736492103,1.0912228796844181
PEBP4,0.8984977669508729,0.7847517730496454,2.0154826958105643,0.9197838736492103,1.0912228796844181
PER2,0.44924888347543646,0.7847517730496454,2.0154826958105643,0.9197838736492103,2.1824457593688362
PER3,1.497496278251455,0.5231678486997635,1.3436551305403763,0.6131892490994736,0.7274819197896121
PEX1,0.6738733252131547,0.5885638297872341,1.5116120218579234,1.3796758104738156,1.6368343195266273
PEX12,0.8984977669508729,0.7847517730496454,2.0154826958105643,0.9197838736492103,1.0912228796844181
PEX6,0.7701409431007482,0.672644376899696,1.7275565964090551,1.5767723548272177,0.9353338968723585
PHYH,1.1552114146511223,0.672644376899696,1.7275565964090551,0.7883861774136088,0.9353338968723585
PIEZO1,0.7701409431007482,0.672644376899696,1.7275565964090551,0.7883861774136088,1.870667793744717
PIKFYVE,0.8984977669508729,0.7847517730496454,2.0154826958105643,0.9197838736492103,1.0912228796844181
PITPNM3,0.980179382128225,1.4268214055448099,0.36645139923828446,1.0034005894355023,0.793616639770486
PKD1,1.1552114146511223,0.672644376899696,1.7275565964090551,0.7883861774136088,0.9353338968723585
PKD2,0.44924888347543646,0.7847517730496454,2.0154826958105643,1.8395677472984207,1.0912228796844181
PKLR,0.3850704715503741,0.672644376899696,3.4551131928181102,0.7883861774136088,1.870667793744717
PLEC,0.8984977669508729,0.7847517730496454,2.0154826958105643,0.9197838736492103,1.0912228796844181
PLIN1,0.44924888347543646,1.5695035460992908,2.0154826958105643,0.9197838736492103,1.0912228796844181
PLXNA1,0.44924888347543646,0.7847517730496454,2.0154826958105643,1.8395677472984207,1.0912228796844181
PLXNB1,0.8984977669508729,0.7847517730496454,2.0154826958105643,0.9197838736492103,1.0912228796844181
PNKD,0.44924888347543646,0.7847517730496454,2.0154826958105643,0.9197838736492103,2.1824457593688362
PNPLA6,0.44924888347543646,1.5695035460992908,2.0154826958105643,0.9197838736492103,1.0912228796844181
PNPT1,0.44924888347543646,0.7847517730496454,4.0309653916211285,0.9197838736492103,1.0912228796844181
POC5,0.44924888347543646,0.7847517730496454,4.0309653916211285,0.9197838736492103,1.0912228796844181
POGLUT1,0.44924888347543646,0.7847517730496454,2.0154826958105643,1.8395677472984207,1.0912228796844181
POGZ,0.8984977669508729,1.046335697399527,1.3436551305403763,0.6131892490994736,1.4549638395792241
POLE,0.44924888347543646,0.7847517730496454,2.0154826958105643,0.9197838736492103,2.1824457593688362
POLG,1.1552114146511223,0.672644376899696,1.7275565964090551,0.7883861774136088,0.9353338968723585
POLR1A,0.3850704715503741,0.672644376899696,5.182669789227165,0.7883861774136088,0.9353338968723585
POLR2A,0.8984977669508729,0.7847517730496454,2.0154826958105643,0.9197838736492103,1.0912228796844181
POMGNT1,0.8984977669508729,0.7847517730496454,2.0154826958105643,0.9197838736492103,1.0912228796844181
POMT2,0.44924888347543646,0.7847517730496454,2.0154826958105643,1.8395677472984207,1.0912228796844181
PORCN,0.44924888347543646,0.7847517730496454,2.0154826958105643,1.8395677472984207,1.0912228796844181
POU6F2,0.44924888347543646,0.7847517730496454,4.0309653916211285,0.9197838736492103,1.0912228796844181
PPARG,0.8984977669508729,0.7847517730496454,2.0154826958105643,0.9197838736492103,1.0912228796844181
PPP1CB,0.44924888347543646,0.7847517730496454,2.0154826958105643,1.8395677472984207,1.0912228796844181
PPP1R12A,1.1552114146511223,0.672644376899696,1.7275565964090551,0.7883861774136088,0.9353338968723585
PPP1R9B,0.44924888347543646,0.7847517730496454,2.0154826958105643,1.8395677472984207,1.0912228796844181
PQLC2,0.8984977669508729,0.7847517730496454,2.0154826958105643,0.9197838736492103,1.0912228796844181
PRDM13,0.8984977669508729,0.7847517730496454,2.0154826958105643,0.9197838736492103,1.0912228796844181
PROC,0.44924888347543646,0.7847517730496454,2.0154826958105643,0.9197838736492103,2.1824457593688362
PROKR2,0.44924888347543646,0.7847517730496454,2.0154826958105643,0.9197838736492103,2.1824457593688362
PROM1,1.5605487531252005,0.24781634938409852,0.636468219729652,1.4522903268145426,0.344596698847711
PRPF3,0.29949925565029095,0.5231678486997635,1.3436551305403763,3.065946245497368,0.7274819197896121
PRPF31,0.22462444173771823,1.1771276595744682,2.5193533697632056,1.8395677472984207,0.8184171597633136
PRPF4B,0.8984977669508729,0.7847517730496454,2.0154826958105643,0.9197838736492103,1.0912228796844181
PRPF6,0.5390986601705238,1.4125531914893616,2.4185792349726776,1.1037406483790524,0.654733727810651
PRPF8,0.5390986601705238,1.4125531914893616,3.627868852459016,0.5518703241895262,0.654733727810651
PRPH2,0.2343907218132712,0.40943570767807586,2.103112378237111,1.6796053344898625,2.277334705428351
PRPS1,0.44924888347543646,0.7847517730496454,4.0309653916211285,0.9197838736492103,1.0912228796844181
PRSS12,1.1552114146511223,0.672644376899696,1.7275565964090551,0.7883861774136088,0.9353338968723585
PRUNE1,1.1552114146511223,0.672644376899696,1.7275565964090551,0.7883861774136088,0.9353338968723585
PRUNE2,0.44924888347543646,0.7847517730496454,4.0309653916211285,0.9197838736492103,1.0912228796844181
PSEN1,0.3850704715503741,1.345288753799392,1.7275565964090551,1.5767723548272177,0.9353338968723585
PSMC1,0.44924888347543646,0.7847517730496454,2.0154826958105643,0.9197838736492103,2.1824457593688362
PTCH1,0.44924888347543646,0.7847517730496454,4.0309653916211285,0.9197838736492103,1.0912228796844181
PTH1R,0.44924888347543646,0.7847517730496454,2.0154826958105643,1.8395677472984207,1.0912228796844181
PTPN3,0.44924888347543646,0.7847517730496454,2.0154826958105643,0.9197838736492103,2.1824457593688362
PTPRQ,0.44924888347543646,0.7847517730496454,2.0154826958105643,1.8395677472984207,1.0912228796844181
RAB28,0.2695493300852619,0.47085106382978725,1.2092896174863388,3.311221945137157,0.654733727810651
RAD51D,0.44924888347543646,0.7847517730496454,2.0154826958105643,1.8395677472984207,1.0912228796844181
RAP1GDS1,0.8984977669508729,0.7847517730496454,2.0154826958105643,0.9197838736492103,1.0912228796844181
RAPGEF2,0.44924888347543646,1.5695035460992908,2.0154826958105643,0.9197838736492103,1.0912228796844181
RAX2,1.010809987819732,0.5885638297872341,1.5116120218579234,1.3796758104738156,0.8184171597633136
RBBP5,0.8984977669508729,0.7847517730496454,2.0154826958105643,0.9197838736492103,1.0912228796844181
RBP3,0.6738733252131547,0.5885638297872341,1.5116120218579234,1.3796758104738156,1.6368343195266273
RBP4,0.44924888347543646,0.7847517730496454,2.0154826958105643,1.8395677472984207,1.0912228796844181
RDH12,0.7031721654398135,0.20471785383903793,2.103112378237111,0.23994361921283747,3.131335219963983
RDH13,0.8984977669508729,0.7847517730496454,2.0154826958105643,0.9197838736492103,1.0912228796844181
RDH5,0.505404993909866,0.8828457446808511,2.267418032786885,1.7245947630922693,0.8184171597633136
REEP6,1.1552114146511223,0.672644376899696,1.7275565964090551,0.7883861774136088,0.9353338968723585
REV3L,0.44924888347543646,0.7847517730496454,4.0309653916211285,0.9197838736492103,1.0912228796844181
RFX4,0.44924888347543646,1.5695035460992908,2.0154826958105643,0.9197838736492103,1.0912228796844181
RFX7,0.44924888347543646,0.7847517730496454,2.0154826958105643,0.9197838736492103,2.1824457593688362
RGS9BP,0.33693666260657734,2.3542553191489364,1.5116120218579234,0.6898379052369078,0.8184171597633136
RHO,0.8423416565164433,1.6185505319148936,0.7558060109289617,0.5173784289276808,1.2276257396449706
RIMS1,0.8984977669508729,0.7847517730496454,2.0154826958105643,0.9197838736492103,1.0912228796844181
RINT1,0.44924888347543646,0.7847517730496454,2.0154826958105643,1.8395677472984207,1.0912228796844181
RLBP1,1.3477466504263094,0.5885638297872341,1.5116120218579234,0.6898379052369078,0.8184171597633136
RNASEL,0.44924888347543646,1.5695035460992908,2.0154826958105643,0.9197838736492103,1.0912228796844181
ROBO3,0.44924888347543646,0.7847517730496454,2.0154826958105643,1.8395677472984207,1.0912228796844181
ROBO4,0.44924888347543646,0.7847517730496454,2.0154826958105643,1.8395677472984207,1.0912228796844181
ROM1,0.22462444173771823,1.9618794326241136,1.0077413479052821,1.3796758104738156,1.0912228796844181
ROR2,0.44924888347543646,1.5695035460992908,2.0154826958105643,0.9197838736492103,1.0912228796844181
RP1,1.010809987819732,1.1771276595744682,0.37790300546448086,1.2072163341645885,0.8184171597633136
RP1L1,0.9330553733720603,1.3280414620840153,0.7751856522348324,1.2027942963105058,0.5875815505993022
RP2,1.1231222086885913,0.7847517730496454,2.0154826958105643,0.9197838736492103,0.5456114398422091
RP9,0.44924888347543646,1.5695035460992908,2.0154826958105643,0.9197838736492103,1.0912228796844181
RPE65,0.6738733252131547,0.3923758865248227,2.0154826958105643,0.9197838736492103,2.1824457593688362
RPGR,0.8443713954478083,1.5316841835426813,0.7284877213773124,0.7978848060571463,1.0254865616311402
RPGRIP1,1.7441427240811063,0.5539424280350438,0.7113468338154934,0.6492592049288544,0.3851374869474417
RPS6KA5,0.44924888347543646,0.7847517730496454,2.0154826958105643,0.9197838736492103,2.1824457593688362
RRM2B,0.44924888347543646,0.7847517730496454,2.0154826958105643,1.8395677472984207,1.0912228796844181
RS1,0.5390986601705238,1.4125531914893616,2.4185792349726776,0.5518703241895262,1.309467455621302
RYR1,0.8984977669508729,0.7847517730496454,2.0154826958105643,0.9197838736492103,1.0912228796844181
RYR2,1.1552114146511223,0.672644376899696,1.7275565964090551,0.7883861774136088,0.9353338968723585
RYR3,0.8984977669508729,0.7847517730496454,2.0154826958105643,0.9197838736492103,1.0912228796844181
SAA1,0.44924888347543646,1.5695035460992908,2.0154826958105643,0.9197838736492103,1.0912228796844181
SACS,0.3850704715503741,2.017933130699088,1.7275565964090551,0.7883861774136088,0.9353338968723585
SAG,0.3850704715503741,0.672644376899696,1.7275565964090551,0.7883861774136088,2.8060016906170753
SAMD9,0.44924888347543646,0.7847517730496454,2.0154826958105643,1.8395677472984207,1.0912228796844181
SASH1,0.8984977669508729,0.7847517730496454,2.0154826958105643,0.9197838736492103,1.0912228796844181
SBF2,0.44924888347543646,1.5695035460992908,2.0154826958105643,0.9197838736492103,1.0912228796844181
SCAF1,1.1552114146511223,0.672644376899696,1.7275565964090551,0.7883861774136088,0.9353338968723585
SCAPER,0.44924888347543646,1.5695035460992908,2.0154826958105643,0.9197838736492103,1.0912228796844181
SCARF2,0.3850704715503741,1.345288753799392,3.4551131928181102,0.7883861774136088,0.9353338968723585
SCLT1,0.44924888347543646,0.7847517730496454,2.0154826958105643,0.9197838736492103,2.1824457593688362
SCN1A,0.7701409431007482,0.672644376899696,1.7275565964090551,0.7883861774136088,1.870667793744717
SCNN1B,0.44924888347543646,1.5695035460992908,2.0154826958105643,0.9197838736492103,1.0912228796844181
SCO2,0.44924888347543646,0.7847517730496454,2.0154826958105643,0.9197838736492103,2.1824457593688362
SDHB,0.7701409431007482,0.672644376899696,1.7275565964090551,1.5767723548272177,0.9353338968723585
SDHC,0.8984977669508729,0.7847517730496454,2.0154826958105643,0.9197838736492103,1.0912228796844181
SEC23B,0.33693666260657734,0.5885638297872341,4.53483606557377,0.6898379052369078,1.6368343195266273
SERPINA6,0.29949925565029095,1.046335697399527,1.3436551305403763,1.8395677472984207,1.4549638395792241
SERPINE1,1.1552114146511223,0.672644376899696,1.7275565964090551,0.7883861774136088,0.9353338968723585
SETD1B,0.7701409431007482,1.345288753799392,1.7275565964090551,0.7883861774136088,0.9353338968723585
SFMBT1,0.8984977669508729,0.7847517730496454,2.0154826958105643,0.9197838736492103,1.0912228796844181
SFT2D3,0.44924888347543646,0.7847517730496454,2.0154826958105643,1.8395677472984207,1.0912228796844181
SFTPC,0.7701409431007482,0.672644376899696,3.4551131928181102,0.7883861774136088,0.9353338968723585
SH2B1,0.44924888347543646,0.7847517730496454,2.0154826958105643,1.8395677472984207,1.0912228796844181
SH3TC2,0.7701409431007482,0.672644376899696,3.4551131928181102,0.7883861774136088,0.9353338968723585
SHANK3,0.8984977669508729,0.7847517730496454,2.0154826958105643,0.9197838736492103,1.0912228796844181
SHH,1.1552114146511223,0.672644376899696,1.7275565964090551,0.7883861774136088,0.9353338968723585
SHROOM2,0.44924888347543646,0.7847517730496454,2.0154826958105643,1.8395677472984207,1.0912228796844181
SI,0.3850704715503741,2.017933130699088,1.7275565964090551,0.7883861774136088,0.9353338968723585
SIN3B,0.44924888347543646,0.7847517730496454,2.0154826958105643,0.9197838736492103,2.1824457593688362
SIPA1L3,0.44924888347543646,1.5695035460992908,2.0154826958105643,0.9197838736492103,1.0912228796844181
SLC12A3,0.7701409431007482,0.672644376899696,1.7275565964090551,1.5767723548272177,0.9353338968723585
SLC1A3,0.8984977669508729,0.7847517730496454,2.0154826958105643,0.9197838736492103,1.0912228796844181
SLC24A1,0.5989985113005819,0.5231678486997635,1.3436551305403763,2.4527569963978944,0.7274819197896121
SLC25A46,0.8984977669508729,0.7847517730496454,2.0154826958105643,0.9197838736492103,1.0912228796844181
SLC29A4,0.44924888347543646,0.7847517730496454,2.0154826958105643,0.9197838736492103,2.1824457593688362
SLC2A2,0.44924888347543646,1.5695035460992908,2.0154826958105643,0.9197838736492103,1.0912228796844181
SLC33A1,0.44924888347543646,0.7847517730496454,2.0154826958105643,0.9197838736492103,2.1824457593688362
SLC34A1,0.7701409431007482,1.345288753799392,1.7275565964090551,0.7883861774136088,0.9353338968723585
SLC37A3,0.44924888347543646,0.7847517730496454,2.0154826958105643,1.8395677472984207,1.0912228796844181
SLC37A4,0.8984977669508729,0.7847517730496454,2.0154826958105643,0.9197838736492103,1.0912228796844181
SLC38A8,0.3850704715503741,0.672644376899696,3.4551131928181102,1.5767723548272177,0.9353338968723585
SLC39A12,0.44924888347543646,0.7847517730496454,2.0154826958105643,0.9197838736492103,2.1824457593688362
SLC3A1,1.1552114146511223,0.672644376899696,1.7275565964090551,0.7883861774136088,0.9353338968723585
SLC4A7,0.44924888347543646,0.7847517730496454,2.0154826958105643,1.8395677472984207,1.0912228796844181
SLC5A2,0.7701409431007482,1.345288753799392,1.7275565964090551,0.7883861774136088,0.9353338968723585
SLC6A5,0.7701409431007482,1.345288753799392,1.7275565964090551,0.7883861774136088,0.9353338968723585
SLC6A6,0.3850704715503741,1.345288753799392,1.7275565964090551,0.7883861774136088,1.870667793744717
SLC7A9,0.5989985113005819,1.046335697399527,1.3436551305403763,0.6131892490994736,2.1824457593688362
SLC9A9,0.44924888347543646,1.5695035460992908,2.0154826958105643,0.9197838736492103,1.0912228796844181
SLCO2A1,0.44924888347543646,0.7847517730496454,2.0154826958105643,1.8395677472984207,1.0912228796844181
SLIT2,1.1552114146511223,0.672644376899696,1.7275565964090551,0.7883861774136088,0.9353338968723585
SMAD3,0.8984977669508729,0.7847517730496454,2.0154826958105643,0.9197838736492103,1.0912228796844181
SMARCA2,0.8984977669508729,0.7847517730496454,2.0154826958105643,0.9197838736492103,1.0912228796844181
SMARCE1,0.8984977669508729,0.7847517730496454,2.0154826958105643,0.9197838736492103,1.0912228796844181
SMCHD1,0.44924888347543646,0.7847517730496454,4.0309653916211285,0.9197838736492103,1.0912228796844181
SMPD1,0.3850704715503741,2.017933130699088,1.7275565964090551,0.7883861774136088,0.9353338968723585
SNED1,0.44924888347543646,0.7847517730496454,2.0154826958105643,1.8395677472984207,1.0912228796844181
SNRNP200,0.44924888347543646,1.1771276595744682,4.0309653916211285,0.9197838736492103,0.5456114398422091
SNX29,0.8984977669508729,0.7847517730496454,2.0154826958105643,0.9197838736492103,1.0912228796844181
SNX31,0.44924888347543646,0.7847517730496454,2.0154826958105643,0.9197838736492103,2.1824457593688362
SON,0.7701409431007482,0.672644376899696,3.4551131928181102,0.7883861774136088,0.9353338968723585
SOX6,0.44924888347543646,0.7847517730496454,2.0154826958105643,1.8395677472984207,1.0912228796844181
SPATA7,1.4702690731923374,0.428046421663443,1.0993541977148533,0.5017002947177511,1.190424959655729
SPEF2,0.8984977669508729,0.7847517730496454,2.0154826958105643,0.9197838736492103,1.0912228796844181
SPG7,0.8984977669508729,1.5695035460992908,1.3436551305403763,0.6131892490994736,0.7274819197896121
SPP2,0.8984977669508729,0.7847517730496454,2.0154826958105643,0.9197838736492103,1.0912228796844181
SQSTM1,0.44924888347543646,0.7847517730496454,2.0154826958105643,1.8395677472984207,1.0912228796844181
SRD5A3,0.44924888347543646,0.7847517730496454,2.0154826958105643,1.8395677472984207,1.0912228796844181
STAG2,0.3850704715503741,0.672644376899696,1.7275565964090551,1.5767723548272177,1.870667793744717
SYDE2,0.44924888347543646,1.5695035460992908,2.0154826958105643,0.9197838736492103,1.0912228796844181
SYNE1,0.44924888347543646,0.7847517730496454,2.0154826958105643,0.9197838736492103,2.1824457593688362
SYNE2,0.44924888347543646,0.7847517730496454,2.0154826958105643,1.8395677472984207,1.0912228796844181
SYNGAP1,0.29949925565029095,1.5695035460992908,1.3436551305403763,0.6131892490994736,2.1824457593688362
SYT2,0.8984977669508729,0.7847517730496454,2.0154826958105643,0.9197838736492103,1.0912228796844181
TAF4,0.44924888347543646,1.5695035460992908,2.0154826958105643,0.9197838736492103,1.0912228796844181
TBC1D24,0.44924888347543646,1.5695035460992908,2.0154826958105643,0.9197838736492103,1.0912228796844181
TBX6,0.44924888347543646,1.5695035460992908,2.0154826958105643,0.9197838736492103,1.0912228796844181
TCHH,0.8984977669508729,0.7847517730496454,2.0154826958105643,0.9197838736492103,1.0912228796844181
TCIRG1,0.8984977669508729,0.7847517730496454,2.0154826958105643,0.9197838736492103,1.0912228796844181
TCOF1,0.8984977669508729,0.7847517730496454,2.0154826958105643,0.9197838736492103,1.0912228796844181
TERT,0.8984977669508729,0.7847517730496454,2.0154826958105643,0.9197838736492103,1.0912228796844181
TGFB2,0.44924888347543646,1.5695035460992908,2.0154826958105643,0.9197838736492103,1.0912228796844181
TGFBR2,0.44924888347543646,0.7847517730496454,2.0154826958105643,1.8395677472984207,1.0912228796844181
TGIF1,0.980179382128225,1.2841392649903287,1.0993541977148533,0.5017002947177511,1.190424959655729
TGM6,0.8984977669508729,0.7847517730496454,2.0154826958105643,0.9197838736492103,1.0912228796844181
THPO,0.8984977669508729,0.7847517730496454,2.0154826958105643,0.9197838736492103,1.0912228796844181
THRA,0.8984977669508729,0.7847517730496454,2.0154826958105643,0.9197838736492103,1.0912228796844181
THRB,0.44924888347543646,0.7847517730496454,2.0154826958105643,1.8395677472984207,1.0912228796844181
TJP1,0.44924888347543646,0.7847517730496454,2.0154826958105643,1.8395677472984207,1.0912228796844181
TJP2,0.44924888347543646,0.7847517730496454,4.0309653916211285,0.9197838736492103,1.0912228796844181
TKTL2,1.1552114146511223,0.672644376899696,1.7275565964090551,0.7883861774136088,0.9353338968723585
TLE4,0.8984977669508729,0.7847517730496454,2.0154826958105643,0.9197838736492103,1.0912228796844181
TLE6,0.8984977669508729,0.7847517730496454,2.0154826958105643,0.9197838736492103,1.0912228796844181
TMC1,0.44924888347543646,0.7847517730496454,2.0154826958105643,0.9197838736492103,2.1824457593688362
TMEM107,0.44924888347543646,0.7847517730496454,2.0154826958105643,0.9197838736492103,2.1824457593688362
TMEM127,0.44924888347543646,1.5695035460992908,2.0154826958105643,0.9197838736492103,1.0912228796844181
TMEM216,0.7701409431007482,1.345288753799392,1.7275565964090551,0.7883861774136088,0.9353338968723585
TMEM231,0.7701409431007482,0.672644376899696,3.4551131928181102,0.7883861774136088,0.9353338968723585
TNFRSF13B,0.29949925565029095,1.046335697399527,2.6873102610807527,0.6131892490994736,2.1824457593688362
TNNI3,0.8984977669508729,0.7847517730496454,2.0154826958105643,0.9197838736492103,1.0912228796844181
TNNT1,1.1552114146511223,0.672644376899696,1.7275565964090551,0.7883861774136088,0.9353338968723585
TOPORS,0.5989985113005819,0.5231678486997635,4.0309653916211285,0.6131892490994736,1.4549638395792241
TP53,0.44924888347543646,0.7847517730496454,4.0309653916211285,0.9197838736492103,1.0912228796844181
TRAF7,0.44924888347543646,0.7847517730496454,4.0309653916211285,0.9197838736492103,1.0912228796844181
TREX1,0.44924888347543646,0.7847517730496454,2.0154826958105643,1.8395677472984207,1.0912228796844181
TRIM37,0.8984977669508729,0.7847517730496454,2.0154826958105643,0.9197838736492103,1.0912228796844181
TRIM63,0.44924888347543646,0.7847517730496454,4.0309653916211285,0.9197838736492103,1.0912228796844181
TRIOBP,0.8984977669508729,0.7847517730496454,2.0154826958105643,0.9197838736492103,1.0912228796844181
TRIP12,0.8984977669508729,0.7847517730496454,2.0154826958105643,0.9197838736492103,1.0912228796844181
TRIP13,1.1552114146511223,0.672644376899696,1.7275565964090551,0.7883861774136088,0.9353338968723585
TRPM1,0.6738733252131547,0.5885638297872341,3.023224043715847,1.3796758104738156,0.8184171597633136
TRPM3,0.8984977669508729,0.7847517730496454,2.0154826958105643,0.9197838736492103,1.0912228796844181
TRPM4,1.010809987819732,0.5885638297872341,1.5116120218579234,1.3796758104738156,0.8184171597633136
TRPV4,0.44924888347543646,0.7847517730496454,2.0154826958105643,1.8395677472984207,1.0912228796844181
TSPAN12,0.7701409431007482,1.345288753799392,1.7275565964090551,0.7883861774136088,0.9353338968723585
TTC21B,0.44924888347543646,0.7847517730496454,2.0154826958105643,1.8395677472984207,1.0912228796844181
TTLL5,0.8984977669508729,0.7847517730496454,2.0154826958105643,0.9197838736492103,1.0912228796844181
TTN,0.7701409431007482,0.672644376899696,1.7275565964090551,0.7883861774136088,1.870667793744717
TUB,0.8984977669508729,0.7847517730496454,2.0154826958105643,0.9197838736492103,1.0912228796844181
TUBB4A,0.8984977669508729,0.7847517730496454,2.0154826958105643,0.9197838736492103,1.0912228796844181
TUBB4B,0.3850704715503741,0.672644376899696,5.182669789227165,0.7883861774136088,0.9353338968723585
TUBB8,0.3850704715503741,1.345288753799392,1.7275565964090551,1.5767723548272177,0.9353338968723585
TULP1,1.3477466504263094,0.336322188449848,0.8637782982045276,0.7883861774136088,1.4030008453085376
TYR,0.15855842946191875,1.3848560700876096,1.4226936676309867,0.3246296024644272,3.0810998955795337
TYRP1,0.8984977669508729,0.7847517730496454,2.0154826958105643,0.9197838736492103,1.0912228796844181
UBAP1L,0.29949925565029095,1.046335697399527,1.3436551305403763,0.6131892490994736,2.9099276791584483
UNC119,0.44924888347543646,0.7847517730496454,4.0309653916211285,0.9197838736492103,1.0912228796844181
UNC13A,0.8984977669508729,0.7847517730496454,2.0154826958105643,0.9197838736492103,1.0912228796844181
UNC45B,0.44924888347543646,0.7847517730496454,2.0154826958105643,0.9197838736492103,2.1824457593688362
UNKL,0.8984977669508729,0.7847517730496454,2.0154826958105643,0.9197838736492103,1.0912228796844181
USH1C,0.29949925565029095,1.046335697399527,1.3436551305403763,2.4527569963978944,0.7274819197896121
USH1G,0.44924888347543646,0.7847517730496454,2.0154826958105643,1.8395677472984207,1.0912228796844181
USH2A,0.48668629043172285,1.7656914893617022,0.16795689131754704,1.0730811859240788,1.5458990795529257
USP6,0.3850704715503741,1.345288753799392,1.7275565964090551,0.7883861774136088,1.870667793744717
VAMP1,0.44924888347543646,0.7847517730496454,2.0154826958105643,1.8395677472984207,1.0912228796844181
VDR,0.7701409431007482,1.345288753799392,1.7275565964090551,0.7883861774136088,0.9353338968723585
VHL,0.44924888347543646,0.7847517730496454,2.0154826958105643,1.8395677472984207,1.0912228796844181
VKORC1,0.44924888347543646,0.7847517730496454,2.0154826958105643,1.8395677472984207,1.0912228796844181
VPS13B,0.8984977669508729,0.7847517730496454,1.0077413479052821,0.45989193682460516,2.1824457593688362
VPS16,0.44924888347543646,0.7847517730496454,2.0154826958105643,1.8395677472984207,1.0912228796844181
VSX1,0.8984977669508729,0.7847517730496454,2.0154826958105643,0.9197838736492103,1.0912228796844181
VWA8,1.0367281926356227,0.36219312602291326,0.930222782681799,0.8490312679838865,2.0145653163404647
VWF,0.6738733252131547,0.5885638297872341,1.5116120218579234,1.3796758104738156,1.6368343195266273
WDR19,0.44924888347543646,0.7847517730496454,2.0154826958105643,1.8395677472984207,1.0912228796844181
WDR45,0.8984977669508729,0.7847517730496454,2.0154826958105643,0.9197838736492103,1.0912228796844181
WFS1,0.3850704715503741,1.345288753799392,1.7275565964090551,0.7883861774136088,1.870667793744717
WNT10A,0.7487481391257275,1.3079196217494091,0.6718275652701882,0.9197838736492103,1.4549638395792241
YEATS2,0.8984977669508729,0.7847517730496454,2.0154826958105643,0.9197838736492103,1.0912228796844181
YTHDF3,0.44924888347543646,0.7847517730496454,2.0154826958105643,0.9197838736492103,2.1824457593688362
ZBTB11,0.44924888347543646,0.7847517730496454,4.0309653916211285,0.9197838736492103,1.0912228796844181
ZCCHC8,0.8984977669508729,0.7847517730496454,2.0154826958105643,0.9197838736492103,1.0912228796844181
ZEB1,0.8984977669508729,0.7847517730496454,2.0154826958105643,0.9197838736492103,1.0912228796844181
ZFHX2,0.8984977669508729,0.7847517730496454,2.0154826958105643,0.9197838736492103,1.0912228796844181
ZFR,0.8984977669508729,0.7847517730496454,2.0154826958105643,0.9197838736492103,1.0912228796844181
ZMYM6,0.8984977669508729,0.7847517730496454,2.0154826958105643,0.9197838736492103,1.0912228796844181
ZNF182,1.1552114146511223,0.672644376899696,1.7275565964090551,0.7883861774136088,0.9353338968723585
ZNF365,1.1552114146511223,0.672644376899696,1.7275565964090551,0.7883861774136088,0.9353338968723585
ZNF408,0.4900896910641125,0.428046421663443,2.1987083954297066,1.0034005894355023,2.380849919311458
ZNF423,0.5989985113005819,0.5231678486997635,1.3436551305403763,2.4527569963978944,0.7274819197896121
ZNF516,0.8984977669508729,0.7847517730496454,2.0154826958105643,0.9197838736492103,1.0912228796844181
ZNF750,0.44924888347543646,1.5695035460992908,2.0154826958105643,0.9197838736492103,1.0912228796844181
ZSWIM6,1.1552114146511223,0.672644376899696,1.7275565964090551,0.7883861774136088,0.9353338968723585
